cluster,week,hour,count,avg_priority,anomaly,is_anomaly,top_junction,risk_score
1,51,3,459,2.1481481481481484,-1,1,BTP082 - KR Market Junction,7.55
1,3,4,451,2.073170731707317,-1,1,BTP082 - KR Market Junction,7.55
1,14,19,424,3.042452830188679,-1,1,BTP082 - KR Market Junction,7.55
1,46,4,412,2.016990291262136,-1,1,BTP082 - KR Market Junction,7.55
1,14,3,408,2.019607843137255,-1,1,BTP082 - KR Market Junction,7.55
1,9,19,407,3.011056511056511,-1,1,BTP082 - KR Market Junction,7.55
1,6,4,406,2.105911330049261,-1,1,BTP082 - KR Market Junction,7.55
1,49,2,401,2.1022443890274314,-1,1,BTP082 - KR Market Junction,7.55
1,52,3,379,2.055408970976253,-1,1,BTP082 - KR Market Junction,7.55
1,4,3,378,2.1455026455026456,-1,1,BTP082 - KR Market Junction,7.55
2,13,5,374,2.072192513368984,-1,1,BTP051 - Safina Plaza Junction,7.16
1,6,3,367,2.0817438692098094,-1,1,BTP082 - KR Market Junction,7.55
1,50,3,354,2.189265536723164,-1,1,BTP082 - KR Market Junction,7.55
1,51,5,353,2.144475920679887,-1,1,BTP082 - KR Market Junction,7.55
1,14,4,352,2.0426136363636362,-1,1,BTP082 - KR Market Junction,7.55
1,49,3,346,2.2167630057803467,-1,1,BTP082 - KR Market Junction,7.55
1,13,3,342,2.1198830409356724,-1,1,BTP082 - KR Market Junction,7.55
1,1,4,339,2.017699115044248,-1,1,BTP082 - KR Market Junction,7.55
1,46,3,337,2.121661721068249,-1,1,BTP082 - KR Market Junction,7.55
1,46,0,336,2.080357142857143,-1,1,BTP082 - KR Market Junction,7.55
1,4,4,334,2.2035928143712575,-1,1,BTP082 - KR Market Junction,7.55
1,11,3,334,2.0209580838323356,-1,1,BTP082 - KR Market Junction,7.55
1,3,5,331,2.163141993957704,-1,1,BTP082 - KR Market Junction,7.55
1,46,5,329,2.054711246200608,-1,1,BTP082 - KR Market Junction,7.55
1,2,3,328,2.1280487804878048,-1,1,BTP082 - KR Market Junction,7.55
1,2,4,328,2.0548780487804876,-1,1,BTP082 - KR Market Junction,7.55
1,9,4,327,2.055045871559633,-1,1,BTP082 - KR Market Junction,7.55
1,2,5,325,2.16,-1,1,BTP082 - KR Market Junction,7.55
1,52,4,323,2.0340557275541795,-1,1,BTP082 - KR Market Junction,7.55
1,46,2,322,2.040372670807453,-1,1,BTP082 - KR Market Junction,7.55
1,48,3,318,2.2264150943396226,-1,1,BTP082 - KR Market Junction,7.55
1,51,4,317,2.1608832807570977,-1,1,BTP082 - KR Market Junction,7.55
1,48,5,316,2.0664556962025316,-1,1,BTP082 - KR Market Junction,7.55
1,3,0,313,2.1565495207667733,-1,1,BTP082 - KR Market Junction,7.55
1,50,5,310,2.035483870967742,-1,1,BTP082 - KR Market Junction,7.55
1,49,4,310,2.1258064516129034,-1,1,BTP082 - KR Market Junction,7.55
1,3,2,310,2.1451612903225805,-1,1,BTP082 - KR Market Junction,7.55
1,50,4,308,2.25,-1,1,BTP082 - KR Market Junction,7.55
1,1,3,308,2.00974025974026,-1,1,BTP082 - KR Market Junction,7.55
1,2,19,307,3.5814332247557004,-1,1,BTP082 - KR Market Junction,7.55
1,8,6,307,2.1368078175895766,-1,1,BTP082 - KR Market Junction,7.55
1,47,3,304,2.236842105263158,-1,1,BTP082 - KR Market Junction,7.55
1,50,0,299,2.1036789297658864,-1,1,BTP082 - KR Market Junction,7.55
2,46,3,298,2.0704697986577183,-1,1,BTP051 - Safina Plaza Junction,7.16
2,46,5,298,2.161073825503356,-1,1,BTP051 - Safina Plaza Junction,7.16
2,46,2,296,2.0,-1,1,BTP051 - Safina Plaza Junction,7.16
1,48,4,296,2.108108108108108,-1,1,BTP082 - KR Market Junction,7.55
1,47,4,295,2.0406779661016947,-1,1,BTP082 - KR Market Junction,7.55
1,14,5,291,2.089347079037801,-1,1,BTP082 - KR Market Junction,7.55
2,47,5,290,2.2379310344827585,-1,1,BTP051 - Safina Plaza Junction,7.16
1,8,4,282,2.1631205673758864,-1,1,BTP082 - KR Market Junction,7.55
1,1,19,280,3.0,-1,1,BTP082 - KR Market Junction,7.55
1,2,0,279,2.150537634408602,-1,1,BTP082 - KR Market Junction,7.55
1,1,5,277,2.03971119133574,-1,1,BTP082 - KR Market Junction,7.55
1,2,2,276,2.3442028985507246,-1,1,BTP082 - KR Market Junction,7.55
1,8,19,275,3.06,-1,1,BTP082 - KR Market Junction,7.55
1,10,23,272,2.0551470588235294,-1,1,BTP082 - KR Market Junction,7.55
1,14,1,271,2.2804428044280445,-1,1,BTP082 - KR Market Junction,7.55
2,46,4,269,2.0111524163568775,-1,1,BTP051 - Safina Plaza Junction,7.16
1,13,19,266,3.0,-1,1,BTP082 - KR Market Junction,7.55
1,51,2,264,2.0454545454545454,-1,1,BTP082 - KR Market Junction,7.55
1,46,19,260,3.0,-1,1,BTP082 - KR Market Junction,7.55
1,47,5,259,2.0463320463320462,-1,1,BTP082 - KR Market Junction,7.55
1,52,0,258,2.104651162790698,-1,1,BTP082 - KR Market Junction,7.55
1,52,19,258,3.296511627906977,-1,1,BTP082 - KR Market Junction,7.55
1,11,19,257,3.0525291828793772,-1,1,BTP082 - KR Market Junction,7.55
1,6,5,256,2.3984375,-1,1,BTP082 - KR Market Junction,7.55
1,50,6,254,2.0511811023622046,-1,1,BTP082 - KR Market Junction,7.55
1,9,5,253,2.1739130434782608,-1,1,BTP082 - KR Market Junction,7.55
1,5,3,253,2.1067193675889326,-1,1,BTP082 - KR Market Junction,7.55
1,7,2,253,2.142292490118577,-1,1,BTP082 - KR Market Junction,7.55
1,4,5,252,2.011904761904762,-1,1,BTP082 - KR Market Junction,7.55
1,47,0,247,2.032388663967611,-1,1,BTP082 - KR Market Junction,7.55
1,1,6,247,2.016194331983806,-1,1,BTP082 - KR Market Junction,7.55
1,7,4,246,2.2804878048780486,-1,1,BTP082 - KR Market Junction,7.55
1,46,20,246,3.073170731707317,-1,1,BTP082 - KR Market Junction,7.55
1,49,5,245,2.0816326530612246,-1,1,BTP082 - KR Market Junction,7.55
1,3,3,244,2.122950819672131,-1,1,BTP082 - KR Market Junction,7.55
1,11,2,244,2.442622950819672,-1,1,BTP082 - KR Market Junction,7.55
1,48,2,243,2.1440329218106995,-1,1,BTP082 - KR Market Junction,7.55
1,12,4,242,2.0371900826446283,-1,1,BTP082 - KR Market Junction,7.55
1,1,23,241,2.145228215767635,-1,1,BTP082 - KR Market Junction,7.55
1,48,0,241,2.074688796680498,-1,1,BTP082 - KR Market Junction,7.55
10,1,22,239,2.9707112970711296,-1,1,No Junction,6.81
1,1,0,237,2.0,-1,1,BTP082 - KR Market Junction,7.55
1,51,23,236,2.1271186440677967,-1,1,BTP082 - KR Market Junction,7.55
1,10,3,235,2.204255319148936,-1,1,BTP082 - KR Market Junction,7.55
2,46,6,235,2.4382978723404256,-1,1,BTP051 - Safina Plaza Junction,7.16
1,52,5,233,2.051502145922747,-1,1,BTP082 - KR Market Junction,7.55
1,3,19,233,3.0,-1,1,BTP082 - KR Market Junction,7.55
1,5,5,232,2.086206896551724,-1,1,BTP082 - KR Market Junction,7.55
1,9,20,231,3.038961038961039,-1,1,BTP082 - KR Market Junction,7.55
2,1,3,231,2.012987012987013,-1,1,BTP051 - Safina Plaza Junction,7.16
1,8,2,230,2.1565217391304348,-1,1,BTP082 - KR Market Junction,7.55
1,2,23,230,2.130434782608696,-1,1,BTP082 - KR Market Junction,7.55
1,6,6,230,2.0478260869565217,-1,1,BTP082 - KR Market Junction,7.55
1,1,2,229,2.078602620087336,-1,1,BTP082 - KR Market Junction,7.55
1,3,23,227,2.0220264317180616,-1,1,BTP082 - KR Market Junction,7.55
1,9,3,227,2.026431718061674,-1,1,BTP082 - KR Market Junction,7.55
2,1,4,226,2.1194690265486726,-1,1,BTP051 - Safina Plaza Junction,7.16
1,51,19,224,3.0200892857142856,-1,1,BTP082 - KR Market Junction,7.55
1,47,2,223,2.10762331838565,-1,1,BTP082 - KR Market Junction,7.55
1,14,20,222,3.060810810810811,-1,1,BTP082 - KR Market Junction,7.55
1,1,1,219,2.0,-1,1,BTP082 - KR Market Junction,7.55
2,2,5,218,2.0,-1,1,BTP051 - Safina Plaza Junction,7.16
1,12,5,218,2.0642201834862384,-1,1,BTP082 - KR Market Junction,7.55
1,7,19,218,3.0,-1,1,BTP082 - KR Market Junction,7.55
2,3,5,216,2.0462962962962963,-1,1,BTP051 - Safina Plaza Junction,7.16
10,11,23,213,6.262910798122066,-1,1,No Junction,6.81
1,49,0,212,2.259433962264151,-1,1,BTP082 - KR Market Junction,7.55
2,52,4,212,2.0377358490566038,-1,1,BTP051 - Safina Plaza Junction,7.16
1,8,3,212,2.330188679245283,-1,1,BTP082 - KR Market Junction,7.55
1,10,19,211,3.042654028436019,-1,1,BTP082 - KR Market Junction,7.55
2,1,6,210,2.0714285714285716,-1,1,BTP051 - Safina Plaza Junction,7.16
1,10,2,210,2.1809523809523808,-1,1,BTP082 - KR Market Junction,7.55
1,14,0,209,2.0,-1,1,BTP082 - KR Market Junction,7.55
10,8,3,208,2.1923076923076925,-1,1,No Junction,6.81
1,13,5,208,2.014423076923077,-1,1,BTP082 - KR Market Junction,7.55
1,49,1,207,2.21256038647343,-1,1,BTP082 - KR Market Junction,7.55
1,13,0,207,2.111111111111111,-1,1,BTP082 - KR Market Junction,7.55
1,10,4,206,2.145631067961165,-1,1,BTP082 - KR Market Junction,7.55
1,50,2,205,2.131707317073171,-1,1,BTP082 - KR Market Junction,7.55
1,51,6,205,2.2487804878048783,-1,1,BTP082 - KR Market Junction,7.55
1,12,19,205,3.0,-1,1,BTP082 - KR Market Junction,7.55
2,10,5,202,2.128712871287129,-1,1,BTP051 - Safina Plaza Junction,7.16
1,4,0,201,2.054726368159204,-1,1,BTP082 - KR Market Junction,7.55
1,52,2,200,2.21,-1,1,BTP082 - KR Market Junction,7.55
1,50,1,198,2.0606060606060606,-1,1,BTP082 - KR Market Junction,7.55
1,4,19,197,3.053299492385787,-1,1,BTP082 - KR Market Junction,7.55
1,48,19,197,3.0,-1,1,BTP082 - KR Market Junction,7.55
1,49,19,197,3.1370558375634516,-1,1,BTP082 - KR Market Junction,7.55
1,47,1,197,2.0862944162436547,-1,1,BTP082 - KR Market Junction,7.55
1,3,1,196,2.076530612244898,-1,1,BTP082 - KR Market Junction,7.55
1,10,22,195,2.0,-1,1,BTP082 - KR Market Junction,7.55
1,46,23,193,2.2538860103626943,-1,1,BTP082 - KR Market Junction,7.55
10,8,0,193,2.0,-1,1,No Junction,6.81
1,7,3,193,2.373056994818653,-1,1,BTP082 - KR Market Junction,7.55
1,45,3,192,2.328125,-1,1,BTP082 - KR Market Junction,7.55
1,14,2,191,2.0,-1,1,BTP082 - KR Market Junction,7.55
1,46,22,190,2.1842105263157894,-1,1,BTP082 - KR Market Junction,7.55
1,47,20,190,3.3157894736842106,-1,1,BTP082 - KR Market Junction,7.55
1,47,23,189,2.0476190476190474,-1,1,BTP082 - KR Market Junction,7.55
1,11,5,187,2.0320855614973263,-1,1,BTP082 - KR Market Junction,7.55
1,52,6,187,2.064171122994652,-1,1,BTP082 - KR Market Junction,7.55
1,5,6,187,2.160427807486631,-1,1,BTP082 - KR Market Junction,7.55
2,10,4,186,2.2096774193548385,-1,1,BTP051 - Safina Plaza Junction,7.16
4,49,1,185,2.0,-1,1,BTP027 - Modi Bridge Junction,6.39
1,5,4,185,2.037837837837838,-1,1,BTP082 - KR Market Junction,7.55
1,51,0,184,2.277173913043478,-1,1,BTP082 - KR Market Junction,7.55
1,49,6,184,2.135869565217391,-1,1,BTP082 - KR Market Junction,7.55
1,9,23,182,2.181318681318681,-1,1,BTP082 - KR Market Junction,7.55
1,4,20,182,3.0,-1,1,BTP082 - KR Market Junction,7.55
1,1,21,181,2.0331491712707184,-1,1,BTP082 - KR Market Junction,7.55
32,14,4,179,2.111731843575419,-1,1,No Junction,5.61
1,8,20,178,3.0252808988764044,-1,1,BTP082 - KR Market Junction,7.55
1,4,2,176,2.153409090909091,-1,1,BTP082 - KR Market Junction,7.55
1,2,1,176,2.125,-1,1,BTP082 - KR Market Junction,7.55
1,9,2,176,2.3068181818181817,-1,1,BTP082 - KR Market Junction,7.55
1,12,2,176,2.221590909090909,-1,1,BTP082 - KR Market Junction,7.55
2,48,3,174,2.0,-1,1,BTP051 - Safina Plaza Junction,7.16
1,10,20,174,3.0775862068965516,-1,1,BTP082 - KR Market Junction,7.55
2,13,6,173,2.1098265895953756,-1,1,BTP051 - Safina Plaza Junction,7.16
10,2,22,173,4.265895953757226,-1,1,No Junction,6.81
2,46,0,172,2.0,-1,1,BTP051 - Safina Plaza Junction,7.16
1,11,4,171,2.134502923976608,-1,1,BTP082 - KR Market Junction,7.55
2,3,4,171,2.017543859649123,-1,1,BTP051 - Safina Plaza Junction,7.16
1,48,6,170,2.1411764705882352,-1,1,BTP082 - KR Market Junction,7.55
4,46,0,170,2.0,-1,1,BTP027 - Modi Bridge Junction,6.39
10,9,22,170,3.958823529411765,-1,1,No Junction,6.81
1,10,0,169,2.035502958579882,-1,1,BTP082 - KR Market Junction,7.55
1,3,6,168,2.1785714285714284,-1,1,BTP082 - KR Market Junction,7.55
1,12,6,167,2.155688622754491,-1,1,BTP082 - KR Market Junction,7.55
2,7,4,167,2.0,-1,1,BTP051 - Safina Plaza Junction,7.16
1,13,2,167,2.161676646706587,-1,1,BTP082 - KR Market Junction,7.55
1,51,20,166,3.0813253012048194,-1,1,BTP082 - KR Market Junction,7.55
2,14,4,166,2.108433734939759,-1,1,BTP051 - Safina Plaza Junction,7.16
1,2,6,165,2.018181818181818,-1,1,BTP082 - KR Market Junction,7.55
2,2,4,165,2.1636363636363636,-1,1,BTP051 - Safina Plaza Junction,7.16
2,1,5,165,2.309090909090909,-1,1,BTP051 - Safina Plaza Junction,7.16
1,7,5,163,2.0920245398773005,-1,1,BTP082 - KR Market Junction,7.55
2,4,4,163,2.03680981595092,-1,1,BTP051 - Safina Plaza Junction,7.16
10,3,22,163,2.460122699386503,-1,1,No Junction,6.81
1,12,3,163,2.2822085889570554,-1,1,BTP082 - KR Market Junction,7.55
61,6,6,162,2.0,-1,1,No Junction,6.06
1,48,1,162,2.037037037037037,-1,1,BTP082 - KR Market Junction,7.55
1,7,6,160,2.15,-1,1,BTP082 - KR Market Junction,7.55
10,7,4,158,2.1265822784810124,-1,1,No Junction,6.81
1,5,19,158,3.0,-1,1,BTP082 - KR Market Junction,7.55
70,5,23,157,2.127388535031847,-1,1,BTP020 - Hosahalli Metro Station,6.34
2,6,4,157,2.1656050955414012,-1,1,BTP051 - Safina Plaza Junction,7.16
1,50,19,157,3.171974522292994,-1,1,BTP082 - KR Market Junction,7.55
2,52,5,156,2.1153846153846154,-1,1,BTP051 - Safina Plaza Junction,7.16
1,46,6,156,2.019230769230769,-1,1,BTP082 - KR Market Junction,7.55
1,52,1,156,2.019230769230769,-1,1,BTP082 - KR Market Junction,7.55
1,13,4,155,2.0,-1,1,BTP082 - KR Market Junction,7.55
10,11,0,155,6.058064516129032,-1,1,No Junction,6.81
1,6,1,155,2.0387096774193547,-1,1,BTP082 - KR Market Junction,7.55
2,47,3,154,2.2012987012987013,-1,1,BTP051 - Safina Plaza Junction,7.16
1,47,21,154,2.1493506493506493,-1,1,BTP082 - KR Market Junction,7.55
1,13,18,153,3.0,-1,1,BTP082 - KR Market Junction,7.55
2,4,5,153,2.0980392156862746,-1,1,BTP051 - Safina Plaza Junction,7.16
2,1,2,153,2.0392156862745097,-1,1,BTP051 - Safina Plaza Junction,7.16
2,50,4,152,2.0789473684210527,-1,1,BTP051 - Safina Plaza Junction,7.16
2,8,5,152,2.0,-1,1,BTP051 - Safina Plaza Junction,7.16
2,14,3,152,2.0197368421052633,-1,1,BTP051 - Safina Plaza Junction,7.16
10,8,2,150,2.4,-1,1,No Junction,6.81
2,13,2,150,2.02,-1,1,BTP051 - Safina Plaza Junction,7.16
2,13,4,150,2.02,-1,1,BTP051 - Safina Plaza Junction,7.16
2,14,5,149,2.0805369127516777,-1,1,BTP051 - Safina Plaza Junction,7.16
1,50,23,148,2.108108108108108,-1,1,BTP082 - KR Market Junction,7.55
75,52,6,148,2.0,-1,1,"BTP070 - Cholurpalya Junction, Magadi Road",7.02
10,2,23,148,2.722972972972973,-1,1,No Junction,6.81
1,47,19,147,3.857142857142857,-1,1,BTP082 - KR Market Junction,7.55
1,10,1,147,2.0408163265306123,-1,1,BTP082 - KR Market Junction,7.55
61,6,5,146,2.0,-1,1,No Junction,6.06
1,48,20,146,3.0924657534246576,-1,1,BTP082 - KR Market Junction,7.55
1,4,6,146,2.143835616438356,-1,1,BTP082 - KR Market Junction,7.55
1,2,21,145,2.268965517241379,-1,1,BTP082 - KR Market Junction,7.55
1,6,23,145,2.0,-1,1,BTP082 - KR Market Junction,7.55
1,5,1,145,2.0206896551724136,-1,1,BTP082 - KR Market Junction,7.55
1,4,1,145,2.117241379310345,-1,1,BTP082 - KR Market Junction,7.55
17,8,7,145,3.0,-1,1,No Junction,7.53
1,49,22,144,2.1875,-1,1,BTP082 - KR Market Junction,7.55
1,11,0,144,2.0208333333333335,-1,1,BTP082 - KR Market Junction,7.55
2,11,5,144,2.1944444444444446,-1,1,BTP051 - Safina Plaza Junction,7.16
1,3,22,144,2.0208333333333335,-1,1,BTP082 - KR Market Junction,7.55
1,46,1,144,2.1319444444444446,-1,1,BTP082 - KR Market Junction,7.55
1,10,5,143,2.2517482517482517,-1,1,BTP082 - KR Market Junction,7.55
1,46,21,143,2.3286713286713288,-1,1,BTP082 - KR Market Junction,7.55
1,8,7,143,3.7762237762237763,-1,1,BTP082 - KR Market Junction,7.55
70,11,3,142,2.112676056338028,-1,1,BTP020 - Hosahalli Metro Station,6.34
2,13,3,141,2.028368794326241,-1,1,BTP051 - Safina Plaza Junction,7.16
32,51,4,141,2.0,-1,1,No Junction,5.61
1,5,0,141,2.0638297872340425,-1,1,BTP082 - KR Market Junction,7.55
1,2,20,141,3.0531914893617023,-1,1,BTP082 - KR Market Junction,7.55
137,47,3,140,2.0,-1,1,BTP042 - Minsk Square Junction (CTO),6.09
1,48,23,140,2.057142857142857,-1,1,BTP082 - KR Market Junction,7.55
1,49,21,139,2.58273381294964,-1,1,BTP082 - KR Market Junction,7.55
1,9,0,138,2.0579710144927534,-1,1,BTP082 - KR Market Junction,7.55
2,6,5,138,2.3840579710144927,-1,1,BTP051 - Safina Plaza Junction,7.16
61,5,6,138,2.0144927536231885,-1,1,No Junction,6.06
2,7,5,138,2.1884057971014492,-1,1,BTP051 - Safina Plaza Junction,7.16
32,14,2,138,2.0,-1,1,No Junction,5.61
1,8,5,137,2.5255474452554743,-1,1,BTP082 - KR Market Junction,7.55
1,52,23,136,2.0,-1,1,BTP082 - KR Market Junction,7.55
32,47,4,136,2.0,-1,1,No Junction,5.61
10,6,23,136,5.095588235294118,-1,1,No Junction,6.81
1,6,0,135,2.0148148148148146,-1,1,BTP082 - KR Market Junction,7.55
1,8,23,135,2.2814814814814817,-1,1,BTP082 - KR Market Junction,7.55
1,45,5,134,2.0223880597014925,-1,1,BTP082 - KR Market Junction,7.55
1,11,20,134,3.0,-1,1,BTP082 - KR Market Junction,7.55
1,48,21,134,2.0597014925373136,-1,1,BTP082 - KR Market Junction,7.55
1,9,22,134,2.3507462686567164,-1,1,BTP082 - KR Market Junction,7.55
1,10,21,133,2.0,-1,1,BTP082 - KR Market Junction,7.55
1,50,22,132,2.0681818181818183,-1,1,BTP082 - KR Market Junction,7.55
2,50,3,132,2.0,-1,1,BTP051 - Safina Plaza Junction,7.16
2,3,2,132,2.090909090909091,-1,1,BTP051 - Safina Plaza Junction,7.16
1,14,23,132,2.0681818181818183,-1,1,BTP082 - KR Market Junction,7.55
1,48,22,131,2.1374045801526718,-1,1,BTP082 - KR Market Junction,7.55
10,6,22,131,6.526717557251908,-1,1,No Junction,6.81
4,49,2,131,2.0,-1,1,BTP027 - Modi Bridge Junction,6.39
61,4,5,130,2.0,-1,1,No Junction,6.06
1,49,20,130,3.6576923076923076,-1,1,BTP082 - KR Market Junction,7.55
70,48,0,130,2.0,-1,1,BTP020 - Hosahalli Metro Station,6.34
2,46,7,129,4.22093023255814,-1,1,BTP051 - Safina Plaza Junction,7.16
75,2,5,128,2.0,-1,1,"BTP070 - Cholurpalya Junction, Magadi Road",7.02
1,51,22,128,2.1171875,-1,1,BTP082 - KR Market Junction,7.55
70,5,0,127,2.1653543307086616,-1,1,BTP020 - Hosahalli Metro Station,6.34
2,46,1,127,2.0,-1,1,BTP051 - Safina Plaza Junction,7.16
2,7,3,127,2.0,-1,1,BTP051 - Safina Plaza Junction,7.16
2,50,2,127,2.047244094488189,-1,1,BTP051 - Safina Plaza Junction,7.16
1,11,23,127,2.0866141732283463,-1,1,BTP082 - KR Market Junction,7.55
2,11,3,127,2.0,-1,1,BTP051 - Safina Plaza Junction,7.16
4,48,4,126,2.015873015873016,-1,1,BTP027 - Modi Bridge Junction,6.39
1,13,1,126,2.119047619047619,-1,1,BTP082 - KR Market Junction,7.55
2,48,4,126,2.0,-1,1,BTP051 - Safina Plaza Junction,7.16
2,47,4,123,2.016260162601626,-1,1,BTP051 - Safina Plaza Junction,7.16
2,9,4,123,2.2845528455284554,-1,1,BTP051 - Safina Plaza Junction,7.16
1,50,20,123,3.073170731707317,-1,1,BTP082 - KR Market Junction,7.55
2,48,5,123,2.024390243902439,-1,1,BTP051 - Safina Plaza Junction,7.16
1,14,6,122,2.122950819672131,-1,1,BTP082 - KR Market Junction,7.55
1,3,21,122,2.098360655737705,-1,1,BTP082 - KR Market Junction,7.55
2,51,6,122,2.0,-1,1,BTP051 - Safina Plaza Junction,7.16
32,2,4,122,2.0,-1,1,No Junction,5.61
61,14,5,122,2.0,-1,1,No Junction,6.06
1,1,22,120,2.025,-1,1,BTP082 - KR Market Junction,7.55
1,11,6,120,2.316666666666667,-1,1,BTP082 - KR Market Junction,7.55
10,7,0,120,3.216666666666667,-1,1,No Junction,6.81
4,1,2,119,2.0,-1,1,BTP027 - Modi Bridge Junction,6.39
2,9,5,119,2.0756302521008405,-1,1,BTP051 - Safina Plaza Junction,7.16
1,1,20,119,3.063025210084034,-1,1,BTP082 - KR Market Junction,7.55
2,4,2,118,2.2288135593220337,-1,1,BTP051 - Safina Plaza Junction,7.16
1,49,23,118,2.7711864406779663,-1,1,BTP082 - KR Market Junction,7.55
2,49,5,118,2.0847457627118646,-1,1,BTP051 - Safina Plaza Junction,7.16
1,47,6,118,2.1016949152542375,-1,1,BTP082 - KR Market Junction,7.55
1,7,20,118,3.0,-1,1,BTP082 - KR Market Junction,7.55
1,13,21,118,2.2288135593220337,-1,1,BTP082 - KR Market Junction,7.55
2,4,6,117,2.0,-1,1,BTP051 - Safina Plaza Junction,7.16
2,45,6,117,2.0,-1,1,BTP051 - Safina Plaza Junction,7.16
2,9,6,117,2.358974358974359,-1,1,BTP051 - Safina Plaza Junction,7.16
1,5,23,116,2.0775862068965516,-1,1,BTP082 - KR Market Junction,7.55
1,13,23,116,2.0,-1,1,BTP082 - KR Market Junction,7.55
1,14,21,116,2.1551724137931036,-1,1,BTP082 - KR Market Junction,7.55
1,5,7,114,3.0,-1,1,BTP082 - KR Market Junction,7.55
2,3,3,114,2.06140350877193,-1,1,BTP051 - Safina Plaza Junction,7.16
2,45,2,114,2.289473684210526,-1,1,BTP051 - Safina Plaza Junction,7.16
16,7,3,114,5.184210526315789,-1,1,No Junction,7.12
1,45,0,114,2.0,-1,1,BTP082 - KR Market Junction,7.55
61,3,5,114,2.8157894736842106,-1,1,No Junction,6.06
10,46,23,113,2.0442477876106193,-1,1,No Junction,6.81
1,7,0,113,2.0530973451327434,-1,1,BTP082 - KR Market Junction,7.55
137,9,23,112,2.0,-1,1,BTP042 - Minsk Square Junction (CTO),6.09
2,50,5,112,2.0267857142857144,-1,1,BTP051 - Safina Plaza Junction,7.16
1,8,0,112,2.0,-1,1,BTP082 - KR Market Junction,7.55
2,10,2,112,2.0982142857142856,-1,1,BTP051 - Safina Plaza Junction,7.16
61,7,6,111,2.0,-1,1,No Junction,6.06
6,12,18,111,3.9864864864864864,-1,1,No Junction,8.06
18,48,21,111,2.081081081081081,-1,1,BTP032 - Windsor Circle,6.5
2,6,3,110,2.0272727272727273,-1,1,BTP051 - Safina Plaza Junction,7.16
1,12,23,110,2.1545454545454548,-1,1,BTP082 - KR Market Junction,7.55
2,3,6,110,2.2181818181818183,-1,1,BTP051 - Safina Plaza Junction,7.16
1,45,21,110,2.0454545454545454,-1,1,BTP082 - KR Market Junction,7.55
10,46,2,109,2.743119266055046,-1,1,No Junction,6.81
1,6,19,109,3.041284403669725,-1,1,BTP082 - KR Market Junction,7.55
1,47,22,109,2.110091743119266,-1,1,BTP082 - KR Market Junction,7.55
4,52,3,109,2.018348623853211,-1,1,BTP027 - Modi Bridge Junction,6.39
1,45,4,109,2.0825688073394497,-1,1,BTP082 - KR Market Junction,7.55
32,14,22,109,2.0,-1,1,No Junction,5.61
2,45,4,108,2.1296296296296298,-1,1,BTP051 - Safina Plaza Junction,7.16
2,7,7,108,3.3333333333333335,-1,1,BTP051 - Safina Plaza Junction,7.16
4,11,2,108,2.0,-1,1,BTP027 - Modi Bridge Junction,6.39
2,2,2,108,2.037037037037037,-1,1,BTP051 - Safina Plaza Junction,7.16
2,11,2,108,2.0,-1,1,BTP051 - Safina Plaza Junction,7.16
10,11,2,108,3.3055555555555554,-1,1,No Junction,6.81
2,49,4,107,2.0,-1,1,BTP051 - Safina Plaza Junction,7.16
57,14,20,107,3.042056074766355,-1,1,No Junction,6.27
16,7,2,107,5.149532710280374,-1,1,No Junction,7.12
1,5,20,107,3.378504672897196,-1,1,BTP082 - KR Market Junction,7.55
1,12,1,106,2.0283018867924527,-1,1,BTP082 - KR Market Junction,7.55
2,8,3,106,2.0,-1,1,BTP051 - Safina Plaza Junction,7.16
61,11,5,106,2.0,-1,1,No Junction,6.06
1,8,18,106,3.0,-1,1,BTP082 - KR Market Junction,7.55
32,12,4,106,2.0,-1,1,No Junction,5.61
10,3,1,105,2.723809523809524,-1,1,No Junction,6.81
2,2,6,105,2.0285714285714285,-1,1,BTP051 - Safina Plaza Junction,7.16
61,10,6,104,2.0,-1,1,No Junction,6.06
70,48,22,104,2.0,-1,1,BTP020 - Hosahalli Metro Station,6.34
86,7,7,104,3.0,-1,1,No Junction,7.47
1,52,21,104,2.173076923076923,-1,1,BTP082 - KR Market Junction,7.55
2,45,3,104,2.1346153846153846,-1,1,BTP051 - Safina Plaza Junction,7.16
10,9,0,104,2.4711538461538463,-1,1,No Junction,6.81
1,10,6,104,2.0,-1,1,BTP082 - KR Market Junction,7.55
374,11,0,104,2.0,-1,1,No Junction,6.02
30,5,5,104,2.0,-1,1,"BTP016 - 5th Main Road, RPC Layout",6.74
1,13,20,104,3.0721153846153846,-1,1,BTP082 - KR Market Junction,7.55
10,11,22,103,5.805825242718447,-1,1,No Junction,6.81
6,14,19,103,6.436893203883495,-1,1,No Junction,8.06
1,4,23,102,2.4019607843137254,-1,1,BTP082 - KR Market Junction,7.55
10,8,4,102,2.4705882352941178,-1,1,No Junction,6.81
1,11,1,102,2.0784313725490198,-1,1,BTP082 - KR Market Junction,7.55
61,4,6,101,2.0,-1,1,No Junction,6.06
1,11,21,101,2.0594059405940595,-1,1,BTP082 - KR Market Junction,7.55
1,2,22,101,2.207920792079208,-1,1,BTP082 - KR Market Junction,7.55
10,3,4,101,2.4257425742574257,-1,1,No Junction,6.81
160,8,7,100,3.0,-1,1,No Junction,6.82
1,12,21,100,2.06,-1,1,BTP082 - KR Market Junction,7.55
2,47,2,100,2.33,-1,1,BTP051 - Safina Plaza Junction,7.16
32,14,5,99,2.0,-1,1,No Junction,5.61
75,46,6,99,2.0,-1,1,"BTP070 - Cholurpalya Junction, Magadi Road",7.02
125,1,23,99,2.0,-1,1,No Junction,5.12
32,5,4,99,2.0,-1,1,No Junction,5.61
18,51,22,99,2.0303030303030303,-1,1,BTP032 - Windsor Circle,6.5
4,3,3,99,2.4646464646464645,-1,1,BTP027 - Modi Bridge Junction,6.39
10,50,22,99,2.0505050505050506,-1,1,No Junction,6.81
1,52,20,99,3.0454545454545454,-1,1,BTP082 - KR Market Junction,7.55
1,5,2,99,2.1515151515151514,-1,1,BTP082 - KR Market Junction,7.55
2,6,6,99,2.4444444444444446,-1,1,BTP051 - Safina Plaza Junction,7.16
1,6,21,98,2.0306122448979593,-1,1,BTP082 - KR Market Junction,7.55
2,10,3,98,2.193877551020408,-1,1,BTP051 - Safina Plaza Junction,7.16
18,52,22,98,2.0,-1,1,BTP032 - Windsor Circle,6.5
4,1,1,97,2.0,-1,1,BTP027 - Modi Bridge Junction,6.39
1,9,6,97,2.154639175257732,-1,1,BTP082 - KR Market Junction,7.55
32,4,4,97,2.0,-1,1,No Junction,5.61
1,13,6,97,2.0309278350515463,-1,1,BTP082 - KR Market Junction,7.55
10,49,0,97,2.0309278350515463,-1,1,No Junction,6.81
2,7,6,97,2.0309278350515463,-1,1,BTP051 - Safina Plaza Junction,7.16
2,7,2,97,2.247422680412371,-1,1,BTP051 - Safina Plaza Junction,7.16
32,6,5,97,2.0,-1,1,No Junction,5.61
2,12,5,96,2.6458333333333335,-1,1,BTP051 - Safina Plaza Junction,7.16
4,13,2,96,2.0,-1,1,BTP027 - Modi Bridge Junction,6.39
1,7,1,96,2.0,-1,1,BTP082 - KR Market Junction,7.55
4,2,3,96,2.0,-1,1,BTP027 - Modi Bridge Junction,6.39
16,49,4,96,4.875,-1,1,No Junction,7.12
32,46,4,96,2.03125,-1,1,No Junction,5.61
10,3,23,96,2.4479166666666665,-1,1,No Junction,6.81
10,11,21,96,4.833333333333333,-1,1,No Junction,6.81
2,50,6,96,2.15625,-1,1,BTP051 - Safina Plaza Junction,7.16
1,48,7,96,3.0,-1,1,BTP082 - KR Market Junction,7.55
32,48,5,96,2.0,-1,1,No Junction,5.61
32,5,22,96,2.0,-1,1,No Junction,5.61
2,51,4,96,2.0,-1,1,BTP051 - Safina Plaza Junction,7.16
10,2,0,95,2.0631578947368423,-1,1,No Junction,6.81
6,14,18,95,6.078947368421052,-1,1,No Junction,8.06
2,50,0,95,2.0631578947368423,-1,1,BTP051 - Safina Plaza Junction,7.16
2,13,8,95,3.0,-1,1,BTP051 - Safina Plaza Junction,7.16
1,3,20,94,3.095744680851064,-1,1,BTP082 - KR Market Junction,7.55
70,11,23,94,2.127659574468085,-1,1,BTP020 - Hosahalli Metro Station,6.34
2,9,2,94,2.0,-1,1,BTP051 - Safina Plaza Junction,7.16
4,49,0,93,2.0,-1,1,BTP027 - Modi Bridge Junction,6.39
2,51,2,93,2.032258064516129,-1,1,BTP051 - Safina Plaza Junction,7.16
4,51,3,93,2.032258064516129,-1,1,BTP027 - Modi Bridge Junction,6.39
1,7,22,93,2.0,-1,1,BTP082 - KR Market Junction,7.55
32,11,5,93,2.0,-1,1,No Junction,5.61
1,7,23,93,2.129032258064516,-1,1,BTP082 - KR Market Junction,7.55
1,9,21,93,2.0,-1,1,BTP082 - KR Market Junction,7.55
1,51,1,93,2.0,-1,1,BTP082 - KR Market Junction,7.55
17,10,7,93,3.0,-1,1,No Junction,7.53
10,50,23,93,2.3225806451612905,-1,1,No Junction,6.81
32,12,5,92,2.032608695652174,-1,1,No Junction,5.61
10,3,0,92,2.8260869565217392,-1,1,No Junction,6.81
4,7,5,92,2.0652173913043477,-1,1,BTP027 - Modi Bridge Junction,6.39
10,50,2,92,3.0652173913043477,-1,1,No Junction,6.81
61,8,6,91,2.0,-1,1,No Junction,6.06
10,3,21,91,2.5714285714285716,-1,1,No Junction,6.81
10,13,3,91,2.1538461538461537,-1,1,No Junction,6.81
2,13,7,91,3.197802197802198,-1,1,BTP051 - Safina Plaza Junction,7.16
32,47,5,90,2.0,-1,1,No Junction,5.61
4,48,2,90,2.0,-1,1,BTP027 - Modi Bridge Junction,6.39
1,13,17,89,3.0,-1,1,BTP082 - KR Market Junction,7.55
1,12,20,89,3.404494382022472,-1,1,BTP082 - KR Market Junction,7.55
70,5,3,89,2.303370786516854,-1,1,BTP020 - Hosahalli Metro Station,6.34
32,6,4,89,2.044943820224719,-1,1,No Junction,5.61
10,8,5,89,4.629213483146067,-1,1,No Junction,6.81
23,8,23,89,2.0224719101123596,-1,1,No Junction,7.54
1,1,7,89,3.050561797752809,-1,1,BTP082 - KR Market Junction,7.55
10,3,2,89,3.1123595505617976,-1,1,No Junction,6.81
2,5,4,89,2.269662921348315,-1,1,BTP051 - Safina Plaza Junction,7.16
61,52,5,89,2.0,-1,1,No Junction,6.06
2,14,2,89,2.0,-1,1,BTP051 - Safina Plaza Junction,7.16
34,52,4,88,2.0,-1,1,No Junction,5.13
10,2,5,88,4.204545454545454,-1,1,No Junction,6.81
2,11,7,88,3.2386363636363638,-1,1,BTP051 - Safina Plaza Junction,7.16
1,9,1,88,2.034090909090909,-1,1,BTP082 - KR Market Junction,7.55
2,9,3,88,2.034090909090909,-1,1,BTP051 - Safina Plaza Junction,7.16
2,5,5,88,2.034090909090909,-1,1,BTP051 - Safina Plaza Junction,7.16
1,6,2,87,2.2758620689655173,-1,1,BTP082 - KR Market Junction,7.55
2,1,8,87,3.0517241379310347,-1,1,BTP051 - Safina Plaza Junction,7.16
18,6,21,87,2.0,-1,1,BTP032 - Windsor Circle,6.5
32,8,4,87,2.0344827586206895,-1,1,No Junction,5.61
1,13,22,87,2.0689655172413794,-1,1,BTP082 - KR Market Junction,7.55
32,9,5,86,2.058139534883721,-1,1,No Junction,5.61
32,7,5,86,2.116279069767442,-1,1,No Junction,5.61
32,48,4,86,2.0,-1,1,No Junction,5.61
6,10,19,86,5.8604651162790695,-1,1,No Junction,8.06
4,51,2,85,2.0,-1,1,BTP027 - Modi Bridge Junction,6.39
1,49,7,85,3.0352941176470587,-1,1,BTP082 - KR Market Junction,7.55
18,47,22,85,2.0352941176470587,-1,1,BTP032 - Windsor Circle,6.5
70,5,1,85,2.3176470588235296,-1,1,BTP020 - Hosahalli Metro Station,6.34
32,13,5,85,2.070588235294118,-1,1,No Junction,5.61
70,48,3,84,2.0,-1,1,BTP020 - Hosahalli Metro Station,6.34
2,4,3,84,2.0714285714285716,-1,1,BTP051 - Safina Plaza Junction,7.16
61,6,4,84,2.0,-1,1,No Junction,6.06
10,1,3,84,2.607142857142857,-1,1,No Junction,6.81
10,10,4,83,2.6987951807228914,-1,1,No Junction,6.81
10,1,23,83,2.891566265060241,-1,1,No Junction,6.81
176,7,6,83,2.0,-1,1,No Junction,5.91
30,5,6,83,2.0,-1,1,"BTP016 - 5th Main Road, RPC Layout",6.74
176,48,6,83,2.0,-1,1,No Junction,5.91
35,3,4,83,2.0,-1,1,BTP211 - Central Street Junction,7.52
1,9,18,83,3.0,-1,1,BTP082 - KR Market Junction,7.55
2,2,7,83,3.0,-1,1,BTP051 - Safina Plaza Junction,7.16
4,14,2,83,2.0,-1,1,BTP027 - Modi Bridge Junction,6.39
2,8,6,82,2.0,-1,1,BTP051 - Safina Plaza Junction,7.16
1,2,7,82,3.6951219512195124,-1,1,BTP082 - KR Market Junction,7.55
61,13,6,82,2.0,-1,1,No Junction,6.06
2,49,6,82,2.0365853658536586,-1,1,BTP051 - Safina Plaza Junction,7.16
41,14,21,82,2.0,-1,1,"BTP011 - RR Kalyana Mantapa, Dr. Rajkumar Road",7.39
61,10,7,82,3.0,-1,1,No Junction,6.06
1,45,2,82,2.073170731707317,-1,1,BTP082 - KR Market Junction,7.55
61,3,6,82,2.182926829268293,-1,1,No Junction,6.06
32,8,2,82,2.0,-1,1,No Junction,5.61
6,10,18,82,5.597560975609756,-1,1,No Junction,8.06
4,3,2,81,2.0,-1,1,BTP027 - Modi Bridge Junction,6.39
32,2,3,81,2.0,-1,1,No Junction,5.61
44,49,0,81,2.0,-1,1,No Junction,5.28
35,4,6,81,2.1604938271604937,-1,1,BTP211 - Central Street Junction,7.52
1,12,22,80,2.0,-1,1,BTP082 - KR Market Junction,7.55
10,47,4,80,2.1875,-1,1,No Junction,6.81
32,48,0,80,2.0,-1,1,No Junction,5.61
176,7,5,80,2.0,-1,1,No Junction,5.91
23,8,22,80,2.0,-1,1,No Junction,7.54
10,5,21,80,4.0125,-1,1,No Junction,6.81
70,2,3,79,2.2658227848101267,-1,1,BTP020 - Hosahalli Metro Station,6.34
107,3,21,79,2.0,-1,1,No Junction,4.94
10,10,0,79,3.1139240506329116,-1,1,No Junction,6.81
10,11,3,79,2.5569620253164556,-1,1,No Junction,6.81
10,5,0,79,3.0126582278481013,-1,1,No Junction,6.81
32,1,5,79,2.0,-1,1,No Junction,5.61
1,4,22,79,2.050632911392405,-1,1,BTP082 - KR Market Junction,7.55
75,5,4,79,2.0,-1,1,"BTP070 - Cholurpalya Junction, Magadi Road",7.02
16,49,3,78,4.641025641025641,-1,1,No Junction,7.12
2,5,6,78,2.2435897435897436,-1,1,BTP051 - Safina Plaza Junction,7.16
1,6,22,78,2.0,-1,1,BTP082 - KR Market Junction,7.55
17,7,8,78,3.0,-1,1,No Junction,7.53
10,3,3,78,4.282051282051282,-1,1,No Junction,6.81
30,47,23,78,2.0,-1,1,"BTP016 - 5th Main Road, RPC Layout",6.74
125,3,5,78,2.0,-1,1,No Junction,5.12
2,10,6,78,2.076923076923077,-1,1,BTP051 - Safina Plaza Junction,7.16
70,46,4,78,2.0,-1,1,BTP020 - Hosahalli Metro Station,6.34
70,51,2,78,2.2051282051282053,-1,1,BTP020 - Hosahalli Metro Station,6.34
4,51,23,77,2.0,-1,1,BTP027 - Modi Bridge Junction,6.39
1,14,22,77,2.038961038961039,-1,1,BTP082 - KR Market Junction,7.55
4,52,4,77,2.051948051948052,-1,1,BTP027 - Modi Bridge Junction,6.39
4,7,2,77,2.74025974025974,-1,1,BTP027 - Modi Bridge Junction,6.39
70,49,23,77,2.038961038961039,-1,1,BTP020 - Hosahalli Metro Station,6.34
61,14,3,77,2.3506493506493507,-1,1,No Junction,6.06
2,6,7,77,3.9935064935064934,-1,1,BTP051 - Safina Plaza Junction,7.16
4,13,3,77,3.051948051948052,-1,1,BTP027 - Modi Bridge Junction,6.39
1,47,18,77,3.292207792207792,-1,1,BTP082 - KR Market Junction,7.55
10,8,1,77,2.168831168831169,-1,1,No Junction,6.81
125,4,23,77,2.0,-1,1,No Junction,5.12
1,12,0,77,2.155844155844156,-1,1,BTP082 - KR Market Junction,7.55
30,51,21,77,2.3896103896103895,-1,1,"BTP016 - 5th Main Road, RPC Layout",6.74
4,6,2,76,2.1184210526315788,-1,1,BTP027 - Modi Bridge Junction,6.39
70,51,22,76,2.0,-1,1,BTP020 - Hosahalli Metro Station,6.34
10,2,4,76,2.526315789473684,-1,1,No Junction,6.81
2,47,6,76,2.1184210526315788,-1,1,BTP051 - Safina Plaza Junction,7.16
32,5,5,75,2.0,-1,1,No Junction,5.61
32,51,2,75,2.0533333333333332,-1,1,No Junction,5.61
1,5,21,75,2.08,-1,1,BTP082 - KR Market Junction,7.55
1,51,21,75,2.28,-1,1,BTP082 - KR Market Junction,7.55
1,47,7,75,3.18,-1,1,BTP082 - KR Market Junction,7.55
10,4,23,75,2.0,-1,1,No Junction,6.81
1,10,16,75,2.2133333333333334,-1,1,BTP082 - KR Market Junction,7.55
4,51,1,75,2.0,-1,1,BTP027 - Modi Bridge Junction,6.39
1,52,22,74,2.445945945945946,-1,1,BTP082 - KR Market Junction,7.55
32,47,3,74,2.0,-1,1,No Junction,5.61
1,45,22,74,2.0,-1,1,BTP082 - KR Market Junction,7.55
32,12,23,74,2.027027027027027,-1,1,No Junction,5.61
2,11,6,74,2.7972972972972974,-1,1,BTP051 - Safina Plaza Junction,7.16
35,4,3,74,2.22972972972973,-1,1,BTP211 - Central Street Junction,7.52
10,9,23,74,2.0,-1,1,No Junction,6.81
2,47,1,74,2.0,-1,1,BTP051 - Safina Plaza Junction,7.16
4,48,1,73,2.0,-1,1,BTP027 - Modi Bridge Junction,6.39
4,8,4,73,2.164383561643836,-1,1,BTP027 - Modi Bridge Junction,6.39
4,5,1,73,2.0,-1,1,BTP027 - Modi Bridge Junction,6.39
4,52,0,73,2.041095890410959,-1,1,BTP027 - Modi Bridge Junction,6.39
121,13,1,73,3.0547945205479454,-1,1,No Junction,7.7
4,50,2,73,2.0,-1,1,BTP027 - Modi Bridge Junction,6.39
4,48,3,72,2.0,-1,1,BTP027 - Modi Bridge Junction,6.39
2,6,2,72,2.5416666666666665,-1,1,BTP051 - Safina Plaza Junction,7.16
2,51,5,72,2.0,-1,1,BTP051 - Safina Plaza Junction,7.16
17,9,7,72,3.0,-1,1,No Junction,7.53
4,9,5,72,2.0,-1,1,BTP027 - Modi Bridge Junction,6.39
2,5,7,72,3.7708333333333335,-1,1,BTP051 - Safina Plaza Junction,7.16
70,49,2,72,2.0833333333333335,-1,1,BTP020 - Hosahalli Metro Station,6.34
30,5,7,72,3.0,-1,1,"BTP016 - 5th Main Road, RPC Layout",6.74
30,51,6,72,2.0,-1,1,"BTP016 - 5th Main Road, RPC Layout",6.74
4,47,1,72,2.0,-1,1,BTP027 - Modi Bridge Junction,6.39
1,4,21,71,2.0,-1,1,BTP082 - KR Market Junction,7.55
4,14,3,71,2.0,-1,1,BTP027 - Modi Bridge Junction,6.39
35,4,8,71,3.0,-1,1,BTP211 - Central Street Junction,7.52
23,9,2,71,2.0,-1,1,No Junction,7.54
2,8,4,71,2.0,-1,1,BTP051 - Safina Plaza Junction,7.16
4,4,3,71,2.0422535211267605,-1,1,BTP027 - Modi Bridge Junction,6.39
61,1,5,71,2.0422535211267605,-1,1,No Junction,6.06
75,4,6,71,2.0422535211267605,-1,1,"BTP070 - Cholurpalya Junction, Magadi Road",7.02
1,8,21,71,2.0422535211267605,-1,1,BTP082 - KR Market Junction,7.55
2,12,6,71,2.5492957746478875,-1,1,BTP051 - Safina Plaza Junction,7.16
22,1,21,71,2.0422535211267605,-1,1,No Junction,5.69
23,10,6,71,2.0,-1,1,No Junction,7.54
1,48,8,70,3.0428571428571427,-1,1,BTP082 - KR Market Junction,7.55
30,47,5,70,2.0,-1,1,"BTP016 - 5th Main Road, RPC Layout",6.74
70,5,22,70,2.0,-1,1,BTP020 - Hosahalli Metro Station,6.34
1,51,7,70,3.0,-1,1,BTP082 - KR Market Junction,7.55
32,4,3,70,2.0,-1,1,No Junction,5.61
2,45,5,70,2.0,-1,1,BTP051 - Safina Plaza Junction,7.16
16,1,1,70,5.042857142857143,-1,1,No Junction,7.12
1,8,1,70,2.0,-1,1,BTP082 - KR Market Junction,7.55
1,50,21,70,2.2142857142857144,-1,1,BTP082 - KR Market Junction,7.55
32,46,3,69,2.0434782608695654,-1,1,No Junction,5.61
10,47,3,69,2.652173913043478,-1,1,No Junction,6.81
61,14,4,69,2.130434782608696,-1,1,No Junction,6.06
32,4,5,69,2.0869565217391304,-1,1,No Junction,5.61
20,52,3,69,5.420289855072464,-1,1,No Junction,7.2
61,52,2,69,3.739130434782609,-1,1,No Junction,6.06
2,14,6,69,2.246376811594203,-1,1,BTP051 - Safina Plaza Junction,7.16
1,7,7,68,3.0661764705882355,-1,1,BTP082 - KR Market Junction,7.55
35,4,5,68,2.176470588235294,-1,1,BTP211 - Central Street Junction,7.52
61,4,3,68,3.4558823529411766,-1,1,No Junction,6.06
2,9,8,68,3.2426470588235294,-1,1,BTP051 - Safina Plaza Junction,7.16
10,2,3,68,2.2205882352941178,-1,1,No Junction,6.81
35,1,4,68,2.073529411764706,-1,1,BTP211 - Central Street Junction,7.52
1,11,17,68,3.9926470588235294,-1,1,BTP082 - KR Market Junction,7.55
4,7,4,68,3.4705882352941178,-1,1,BTP027 - Modi Bridge Junction,6.39
2,10,7,67,3.111940298507463,-1,1,BTP051 - Safina Plaza Junction,7.16
2,12,2,67,2.044776119402985,-1,1,BTP051 - Safina Plaza Junction,7.16
1,46,7,67,3.291044776119403,-1,1,BTP082 - KR Market Junction,7.55
10,51,0,66,2.5606060606060606,-1,1,No Junction,6.81
1,45,20,66,3.0,-1,1,BTP082 - KR Market Junction,7.55
1,52,8,66,3.0,-1,1,BTP082 - KR Market Junction,7.55
44,8,5,66,2.0454545454545454,-1,1,No Junction,5.28
2,49,2,66,2.484848484848485,-1,1,BTP051 - Safina Plaza Junction,7.16
20,51,7,66,3.3636363636363638,-1,1,No Junction,7.2
2,4,8,66,3.0,-1,1,BTP051 - Safina Plaza Junction,7.16
1,49,8,65,3.9692307692307693,-1,1,BTP082 - KR Market Junction,7.55
10,2,1,65,2.046153846153846,-1,1,No Junction,6.81
17,46,7,65,3.0692307692307694,-1,1,No Junction,7.53
16,5,23,65,4.384615384615385,-1,1,No Junction,7.12
1,7,17,65,3.0692307692307694,-1,1,BTP082 - KR Market Junction,7.55
4,7,21,65,2.046153846153846,-1,1,BTP027 - Modi Bridge Junction,6.39
2,9,7,64,3.09375,-1,1,BTP051 - Safina Plaza Junction,7.16
1,6,7,64,3.0,-1,1,BTP082 - KR Market Junction,7.55
41,3,19,64,3.0,-1,1,"BTP011 - RR Kalyana Mantapa, Dr. Rajkumar Road",7.39
32,14,3,64,2.15625,-1,1,No Junction,5.61
61,12,3,64,2.1875,-1,1,No Junction,6.06
75,11,6,63,2.380952380952381,-1,1,"BTP070 - Cholurpalya Junction, Magadi Road",7.02
1,2,8,63,3.0,-1,1,BTP082 - KR Market Junction,7.55
1,6,8,63,3.0,-1,1,BTP082 - KR Market Junction,7.55
44,14,2,63,2.5238095238095237,-1,1,No Junction,5.28
61,52,3,62,4.467741935483871,-1,1,No Junction,6.06
35,52,2,62,2.0483870967741935,-1,1,BTP211 - Central Street Junction,7.52
1,7,21,61,2.19672131147541,-1,1,BTP082 - KR Market Junction,7.55
35,3,2,61,2.098360655737705,-1,1,BTP211 - Central Street Junction,7.52
1,13,8,61,3.0737704918032787,-1,1,BTP082 - KR Market Junction,7.55
23,1,19,61,5.459016393442623,-1,1,No Junction,7.54
1,50,7,60,3.2,-1,1,BTP082 - KR Market Junction,7.55
61,51,4,60,2.1,-1,1,No Junction,6.06
61,8,7,60,3.075,-1,1,No Junction,6.06
6,9,19,60,6.45,-1,1,No Junction,8.06
10,11,1,59,6.135593220338983,-1,1,No Junction,6.81
35,46,4,59,2.152542372881356,-1,1,BTP211 - Central Street Junction,7.52
10,7,5,59,4.254237288135593,-1,1,No Junction,6.81
10,10,5,59,2.9322033898305087,-1,1,No Junction,6.81
10,8,22,59,2.288135593220339,-1,1,No Junction,6.81
35,46,6,59,2.2542372881355934,-1,1,BTP211 - Central Street Junction,7.52
795,1,1,59,5.0,-1,1,No Junction,5.92
10,1,0,59,2.1186440677966103,-1,1,No Junction,6.81
6,47,19,59,3.0762711864406778,-1,1,No Junction,8.06
2,12,4,59,3.016949152542373,-1,1,BTP051 - Safina Plaza Junction,7.16
35,13,3,58,2.396551724137931,-1,1,BTP211 - Central Street Junction,7.52
23,10,23,58,2.413793103448276,-1,1,No Junction,7.54
32,2,5,58,2.103448275862069,-1,1,No Junction,5.61
23,9,23,58,2.1551724137931036,-1,1,No Junction,7.54
30,6,21,58,2.4655172413793105,-1,1,"BTP016 - 5th Main Road, RPC Layout",6.74
2,3,8,57,3.0789473684210527,-1,1,BTP051 - Safina Plaza Junction,7.16
121,7,19,56,5.866071428571429,-1,1,No Junction,7.7
121,2,19,56,5.330357142857143,-1,1,No Junction,7.7
75,2,7,56,3.080357142857143,-1,1,"BTP070 - Cholurpalya Junction, Magadi Road",7.02
16,10,3,56,5.178571428571429,-1,1,No Junction,7.12
35,4,4,56,2.5357142857142856,-1,1,BTP211 - Central Street Junction,7.52
6,3,19,55,4.009090909090909,-1,1,No Junction,8.06
1,3,7,55,3.0,-1,1,BTP082 - KR Market Junction,7.55
2,14,7,55,3.2181818181818183,-1,1,BTP051 - Safina Plaza Junction,7.16
10,7,23,55,4.2727272727272725,-1,1,No Junction,6.81
1,50,8,55,3.1363636363636362,-1,1,BTP082 - KR Market Junction,7.55
1,47,8,55,3.081818181818182,-1,1,BTP082 - KR Market Junction,7.55
61,4,8,55,3.0,-1,1,No Junction,6.06
2,46,8,54,3.75,-1,1,BTP051 - Safina Plaza Junction,7.16
2,14,8,54,3.5555555555555554,-1,1,BTP051 - Safina Plaza Junction,7.16
35,2,8,53,4.669811320754717,-1,1,BTP211 - Central Street Junction,7.52
121,51,1,53,3.4150943396226414,-1,1,No Junction,7.7
75,52,8,53,3.0,-1,1,"BTP070 - Cholurpalya Junction, Magadi Road",7.02
2,4,7,53,3.0,-1,1,BTP051 - Safina Plaza Junction,7.16
2,3,9,53,3.0,-1,1,BTP051 - Safina Plaza Junction,7.16
2,7,8,53,3.0849056603773586,-1,1,BTP051 - Safina Plaza Junction,7.16
8,2,9,53,3.0,-1,1,No Junction,7.19
2,15,5,53,2.849056603773585,-1,1,BTP051 - Safina Plaza Junction,7.16
18,52,20,53,3.0,-1,1,BTP032 - Windsor Circle,6.5
1,52,7,53,3.0,-1,1,BTP082 - KR Market Junction,7.55
27,52,22,52,4.884615384615385,-1,1,No Junction,6.72
23,8,19,52,3.2596153846153846,-1,1,No Junction,7.54
2,48,9,52,3.0,-1,1,BTP051 - Safina Plaza Junction,7.16
10,51,1,52,2.769230769230769,-1,1,No Junction,6.81
1,10,17,52,3.8365384615384617,-1,1,BTP082 - KR Market Junction,7.55
6,9,18,51,5.264705882352941,-1,1,No Junction,8.06
1,4,7,51,3.088235294117647,-1,1,BTP082 - KR Market Junction,7.55
86,6,7,51,3.0,-1,1,No Junction,7.47
35,4,7,51,3.323529411764706,-1,1,BTP211 - Central Street Junction,7.52
176,9,7,50,3.0,-1,1,No Junction,5.91
72,8,22,50,4.52,-1,1,No Junction,7.35
2,3,7,50,3.66,-1,1,BTP051 - Safina Plaza Junction,7.16
2,2,8,50,3.0,-1,1,BTP051 - Safina Plaza Junction,7.16
4,13,23,50,2.64,-1,1,BTP027 - Modi Bridge Junction,6.39
35,3,9,50,4.26,-1,1,BTP211 - Central Street Junction,7.52
144,46,7,50,3.0,-1,1,No Junction,5.67
124,12,20,50,3.0,-1,1,No Junction,7.28
4,49,6,50,2.54,-1,1,BTP027 - Modi Bridge Junction,6.39
23,52,6,50,2.58,-1,1,No Junction,7.54
20,2,2,50,4.66,-1,1,No Junction,7.2
10,7,2,49,3.306122448979592,-1,1,No Junction,6.81
35,2,5,49,2.7346938775510203,-1,1,BTP211 - Central Street Junction,7.52
2,1,7,49,3.0,-1,1,BTP051 - Safina Plaza Junction,7.16
125,1,2,49,2.63265306122449,-1,1,No Junction,5.12
41,1,19,49,3.0,-1,1,"BTP011 - RR Kalyana Mantapa, Dr. Rajkumar Road",7.39
2,49,3,49,2.3877551020408165,-1,1,BTP051 - Safina Plaza Junction,7.16
64,50,19,48,3.0,-1,1,BTP048 - Shanthala Junction,8.36
124,51,20,48,3.0,-1,1,No Junction,7.28
36,6,7,48,3.0,-1,1,BTP104 - Medical College Circle,7.57
23,11,0,48,2.5208333333333335,-1,1,No Junction,7.54
1,3,8,48,4.40625,-1,1,BTP082 - KR Market Junction,7.55
1,7,18,48,3.09375,-1,1,BTP082 - KR Market Junction,7.55
1,9,7,48,3.09375,-1,1,BTP082 - KR Market Junction,7.55
75,52,7,48,3.0,-1,1,"BTP070 - Cholurpalya Junction, Magadi Road",7.02
16,49,1,47,5.191489361702128,-1,1,No Junction,7.12
23,9,19,47,7.404255319148936,-1,1,No Junction,7.54
1,11,7,47,3.382978723404255,-1,1,BTP082 - KR Market Junction,7.55
41,2,19,47,3.0,-1,1,"BTP011 - RR Kalyana Mantapa, Dr. Rajkumar Road",7.39
20,11,5,47,3.4680851063829787,-1,1,No Junction,7.2
3,2,8,47,3.0,-1,1,No Junction,6.79
64,10,20,47,6.76595744680851,-1,1,BTP048 - Shanthala Junction,8.36
17,13,7,47,3.0,-1,1,No Junction,7.53
23,7,19,47,4.595744680851064,-1,1,No Junction,7.54
402,6,20,46,3.0,-1,1,No Junction,6.4
1,11,18,46,4.760869565217392,-1,1,BTP082 - KR Market Junction,7.55
1,12,7,46,3.5869565217391304,-1,1,BTP082 - KR Market Junction,7.55
1,14,18,46,3.0,-1,1,BTP082 - KR Market Junction,7.55
6,7,17,46,6.195652173913044,-1,1,No Junction,8.06
10,5,1,46,2.891304347826087,-1,1,No Junction,6.81
121,6,19,46,6.586956521739131,-1,1,No Junction,7.7
10,1,21,46,3.8260869565217392,-1,1,No Junction,6.81
125,6,4,46,3.6956521739130435,-1,1,No Junction,5.12
795,49,1,45,5.044444444444444,-1,1,No Junction,5.92
72,8,21,45,3.1555555555555554,-1,1,No Junction,7.35
1,14,7,45,3.2,-1,1,BTP082 - KR Market Junction,7.55
10,13,2,44,3.7045454545454546,-1,1,No Junction,6.81
373,49,9,44,7.704545454545454,-1,1,"BTP148 - 17th Main, Doopanahalli Bus Stop",8.43
6,12,19,44,4.704545454545454,-1,1,No Junction,8.06
88,12,4,44,4.2727272727272725,-1,1,No Junction,7.62
833,50,6,44,5.0,-1,1,BTP074 - Leprosy Hospital Junction,6.06
6,46,4,43,3.9302325581395348,-1,1,No Junction,8.06
16,1,3,43,4.651162790697675,-1,1,No Junction,7.12
6,13,19,43,3.2093023255813953,-1,1,No Junction,8.06
1,9,9,43,3.941860465116279,-1,1,BTP082 - KR Market Junction,7.55
72,11,22,42,4.785714285714286,-1,1,No Junction,7.35
10,49,2,42,5.333333333333333,-1,1,No Junction,6.81
10,5,22,42,3.2142857142857144,-1,1,No Junction,6.81
16,11,23,42,4.714285714285714,-1,1,No Junction,7.12
89,4,19,41,4.865853658536586,-1,1,BTP096 - Gali Anjaneya Temple,8.39
6,13,18,41,3.6219512195121952,-1,1,No Junction,8.06
179,2,22,41,4.804878048780488,-1,1,No Junction,6.78
20,10,5,40,4.225,-1,1,No Junction,7.2
6,46,5,40,3.425,-1,1,No Junction,8.06
121,52,20,40,4.35,-1,1,No Junction,7.7
16,52,2,40,4.75,-1,1,No Junction,7.12
16,50,2,40,5.05,-1,1,No Junction,7.12
10,52,0,40,4.95,-1,1,No Junction,6.81
88,48,4,39,4.948717948717949,-1,1,No Junction,7.62
547,6,23,39,4.846153846153846,-1,1,No Junction,6.04
208,50,2,39,3.6923076923076925,-1,1,No Junction,6.56
6,4,19,39,4.576923076923077,-1,1,No Junction,8.06
23,2,7,39,4.384615384615385,-1,1,No Junction,7.54
10,10,3,39,4.256410256410256,-1,1,No Junction,6.81
10,49,3,39,4.3076923076923075,-1,1,No Junction,6.81
23,51,19,39,5.076923076923077,-1,1,No Junction,7.54
16,51,1,39,3.9743589743589745,-1,1,No Junction,7.12
16,11,3,39,4.897435897435898,-1,1,No Junction,7.12
16,10,2,39,5.153846153846154,-1,1,No Junction,7.12
2,47,8,38,3.9078947368421053,-1,1,BTP051 - Safina Plaza Junction,7.16
179,50,22,38,5.0,-1,1,No Junction,6.78
16,5,8,38,5.684210526315789,-1,1,No Junction,7.12
16,49,2,37,5.216216216216216,-1,1,No Junction,7.12
68,51,6,37,5.405405405405405,-1,1,No Junction,7.28
364,49,2,37,3.864864864864865,-1,1,No Junction,7.49
10,48,21,37,3.8378378378378377,-1,1,No Junction,6.81
68,5,19,37,14.31081081081081,-1,1,No Junction,7.28
88,51,5,37,5.918918918918919,-1,1,No Junction,7.62
23,52,19,37,6.162162162162162,-1,1,No Junction,7.54
40,2,0,36,4.916666666666667,-1,1,No Junction,6.48
16,2,4,36,5.027777777777778,-1,1,No Junction,7.12
6,12,17,36,6.125,-1,1,No Junction,8.06
176,3,4,36,4.111111111111111,-1,1,No Junction,5.91
364,48,1,36,4.861111111111111,-1,1,No Junction,7.49
23,52,7,36,6.0,-1,1,No Junction,7.54
72,7,21,35,4.142857142857143,-1,1,No Junction,7.35
35,13,20,35,4.328571428571428,-1,1,BTP211 - Central Street Junction,7.52
72,7,22,35,4.485714285714286,-1,1,No Junction,7.35
23,5,20,35,4.714285714285714,-1,1,No Junction,7.54
68,1,22,35,6.085714285714285,-1,1,No Junction,7.28
23,8,7,35,5.785714285714286,-1,1,No Junction,7.54
244,1,22,35,7.4,-1,1,"BTP202 - East End Main Road, Jayanagar",8.38
176,3,6,35,4.085714285714285,-1,1,No Junction,5.91
179,50,21,35,4.542857142857143,-1,1,No Junction,6.78
373,49,8,35,6.385714285714286,-1,1,"BTP148 - 17th Main, Doopanahalli Bus Stop",8.43
68,1,6,34,6.911764705882353,-1,1,No Junction,7.28
121,12,0,34,4.9411764705882355,-1,1,No Junction,7.7
16,46,22,34,4.823529411764706,-1,1,No Junction,7.12
20,10,2,34,5.4411764705882355,-1,1,No Junction,7.2
179,50,23,34,4.4411764705882355,-1,1,No Junction,6.78
68,14,22,33,5.0,-1,1,No Junction,7.28
88,12,21,33,4.909090909090909,-1,1,No Junction,7.62
10,2,19,33,6.2272727272727275,-1,1,No Junction,6.81
23,3,19,33,6.818181818181818,-1,1,No Junction,7.54
10,1,20,33,5.909090909090909,-1,1,No Junction,6.81
364,48,8,33,8.090909090909092,-1,1,No Junction,7.49
15,51,19,33,4.090909090909091,-1,1,No Junction,7.18
295,10,3,33,8.363636363636363,-1,1,No Junction,6.58
295,10,4,32,8.0,-1,1,No Junction,6.58
88,6,4,32,5.125,-1,1,No Junction,7.62
16,1,0,32,5.09375,-1,1,No Junction,7.12
72,9,22,32,4.4375,-1,1,No Junction,7.35
6,7,18,32,5.90625,-1,1,No Junction,8.06
245,10,19,32,7.5,-1,1,No Junction,7.37
245,9,3,32,5.03125,-1,1,No Junction,7.37
72,13,22,31,4.903225806451613,-1,1,No Junction,7.35
88,10,19,31,8.17741935483871,-1,1,No Junction,7.62
121,11,19,31,5.032258064516129,-1,1,No Junction,7.7
513,2,1,31,5.645161290322581,-1,1,No Junction,5.43
23,3,20,31,6.338709677419355,-1,1,No Junction,7.54
10,52,4,31,5.612903225806452,-1,1,No Junction,6.81
244,46,7,30,12.35,-1,1,"BTP202 - East End Main Road, Jayanagar",8.38
121,12,1,30,4.2,-1,1,No Junction,7.7
88,47,5,30,4.5,-1,1,No Junction,7.62
20,10,6,30,4.466666666666667,-1,1,No Junction,7.2
88,10,4,30,4.8,-1,1,No Junction,7.62
64,10,19,30,5.3,-1,1,BTP048 - Shanthala Junction,8.36
23,50,19,30,6.9,-1,1,No Junction,7.54
40,11,0,30,5.0,-1,1,No Junction,6.48
23,8,5,30,4.966666666666667,-1,1,No Junction,7.54
175,5,11,30,6.466666666666667,-1,1,No Junction,7.19
10,1,1,30,4.366666666666666,-1,1,No Junction,6.81
151,9,4,29,5.0,-1,1,No Junction,6.69
86,8,7,29,5.844827586206897,-1,1,No Junction,7.47
16,9,23,29,4.689655172413793,-1,1,No Junction,7.12
10,1,19,29,5.482758620689655,-1,1,No Junction,6.81
23,3,8,29,6.0,-1,1,No Junction,7.54
23,8,6,29,5.275862068965517,-1,1,No Junction,7.54
16,11,2,29,5.068965517241379,-1,1,No Junction,7.12
23,5,7,29,6.103448275862069,-1,1,No Junction,7.54
121,7,2,29,5.689655172413793,-1,1,No Junction,7.7
16,7,0,29,5.137931034482759,-1,1,No Junction,7.12
1,10,8,28,5.303571428571429,-1,1,BTP082 - KR Market Junction,7.55
88,9,6,28,5.892857142857143,-1,1,No Junction,7.62
92,51,20,28,7.125,-1,1,No Junction,7.61
68,14,21,28,5.0,-1,1,No Junction,7.28
88,51,4,28,4.892857142857143,-1,1,No Junction,7.62
6,5,20,28,5.732142857142857,-1,1,No Junction,8.06
10,4,5,28,4.392857142857143,-1,1,No Junction,6.81
23,51,8,28,6.857142857142857,-1,1,No Junction,7.54
15,4,19,28,6.053571428571429,-1,1,No Junction,7.18
23,8,8,27,5.333333333333333,-1,1,No Junction,7.54
88,12,3,27,4.888888888888889,-1,1,No Junction,7.62
72,6,22,27,4.555555555555555,-1,1,No Junction,7.35
364,48,7,27,6.333333333333333,-1,1,No Junction,7.49
6,7,16,27,4.555555555555555,-1,1,No Junction,8.06
72,12,22,27,4.888888888888889,-1,1,No Junction,7.35
64,12,20,27,7.166666666666667,-1,1,BTP048 - Shanthala Junction,8.36
40,11,23,26,5.0,-1,1,No Junction,6.48
16,52,23,26,5.153846153846154,-1,1,No Junction,7.12
6,14,22,26,5.0,-1,1,No Junction,8.06
20,51,8,26,4.615384615384615,-1,1,No Junction,7.2
121,1,2,26,4.5,-1,1,No Junction,7.7
222,4,1,26,4.538461538461538,-1,1,No Junction,7.06
88,46,4,26,4.461538461538462,-1,1,No Junction,7.62
41,49,3,26,5.0,-1,1,"BTP011 - RR Kalyana Mantapa, Dr. Rajkumar Road",7.39
121,7,3,26,5.153846153846154,-1,1,No Junction,7.7
88,51,3,25,5.08,-1,1,No Junction,7.62
364,1,5,25,6.4,-1,1,No Junction,7.49
68,52,23,25,5.96,-1,1,No Junction,7.28
364,49,3,25,4.52,-1,1,No Junction,7.49
121,14,19,25,4.8,-1,1,No Junction,7.7
159,14,23,25,7.52,-1,1,No Junction,6.31
245,10,2,25,4.84,-1,1,No Junction,7.37
72,14,20,25,6.78,-1,1,No Junction,7.35
88,5,4,25,8.12,-1,1,No Junction,7.62
291,10,7,24,7.5,-1,1,No Junction,6.93
88,8,4,24,4.916666666666667,-1,1,No Junction,7.62
73,3,7,24,4.75,-1,1,No Junction,7.75
10,52,6,24,5.875,-1,1,No Junction,6.81
88,1,22,24,5.708333333333333,-1,1,No Junction,7.62
88,1,5,24,5.375,-1,1,No Junction,7.62
10,52,23,24,6.291666666666667,-1,1,No Junction,6.81
436,2,5,24,5.125,-1,1,No Junction,5.28
402,9,3,24,7.0,-1,1,No Junction,6.4
561,13,22,24,4.75,-1,1,No Junction,4.49
431,8,2,24,9.916666666666666,-1,1,No Junction,6.81
88,46,9,23,7.630434782608695,-1,1,No Junction,7.62
795,52,1,23,5.434782608695652,-1,1,No Junction,5.92
6,10,17,23,7.304347826086956,-1,1,No Junction,8.06
705,9,4,23,5.130434782608695,-1,1,No Junction,5.64
88,9,23,23,5.739130434782608,-1,1,No Junction,7.62
121,11,2,23,5.217391304347826,-1,1,No Junction,7.7
23,13,22,23,5.695652173913044,-1,1,No Junction,7.54
16,13,21,23,5.0,-1,1,No Junction,7.12
295,49,3,23,6.0,-1,1,No Junction,6.58
364,1,4,23,6.043478260869565,-1,1,No Junction,7.49
40,48,22,23,5.0,-1,1,No Junction,6.48
91,9,21,23,6.826086956521739,-1,1,No Junction,6.91
514,10,23,23,6.217391304347826,-1,1,No Junction,6.05
72,1,21,22,10.409090909090908,-1,1,No Junction,7.35
115,11,3,22,12.045454545454545,-1,1,No Junction,7.06
10,52,3,22,6.090909090909091,-1,1,No Junction,6.81
6,11,18,22,7.295454545454546,-1,1,No Junction,8.06
72,12,20,22,7.295454545454546,-1,1,No Junction,7.35
364,51,8,22,8.795454545454545,-1,1,No Junction,7.49
59,52,3,22,8.954545454545455,-1,1,"BTP226 - 33rd Cross, 11th Main, Jayanagar",7.75
175,48,20,21,6.857142857142857,-1,1,No Junction,7.19
92,1,20,21,5.785714285714286,-1,1,No Junction,7.61
35,13,8,21,5.928571428571429,-1,1,BTP211 - Central Street Junction,7.52
40,3,3,21,5.095238095238095,-1,1,No Junction,6.48
661,14,18,21,6.357142857142857,-1,1,No Junction,6.36
92,2,7,20,6.825,-1,1,No Junction,7.61
23,14,8,20,8.4,-1,1,No Junction,7.54
175,5,12,20,7.3,-1,1,No Junction,7.19
121,6,3,20,5.3,-1,1,No Junction,7.7
687,8,22,20,12.05,-1,1,"BTP127 - Sagar Hospital, Jayanagar",6.92
826,46,5,20,7.3,-1,1,No Junction,3.87
244,1,3,20,8.4,-1,1,"BTP202 - East End Main Road, Jayanagar",8.38
64,4,6,20,6.05,-1,1,BTP048 - Shanthala Junction,8.36
88,2,5,19,5.421052631578948,-1,1,No Junction,7.62
23,1,7,19,7.2631578947368425,-1,1,No Junction,7.54
121,8,2,19,5.105263157894737,-1,1,No Junction,7.7
59,46,4,19,6.473684210526316,-1,1,"BTP226 - 33rd Cross, 11th Main, Jayanagar",7.75
381,13,4,19,5.105263157894737,-1,1,No Junction,6.46
121,6,2,19,5.578947368421052,-1,1,No Junction,7.7
244,14,21,19,7.578947368421052,-1,1,"BTP202 - East End Main Road, Jayanagar",8.38
68,52,4,19,6.0,-1,1,No Junction,7.28
36,46,2,19,5.684210526315789,-1,1,BTP104 - Medical College Circle,7.57
64,48,20,19,6.078947368421052,-1,1,BTP048 - Shanthala Junction,8.36
364,3,7,19,7.026315789473684,-1,1,No Junction,7.49
134,1,20,19,7.2631578947368425,-1,1,No Junction,6.46
10,14,20,19,6.0,-1,1,No Junction,6.81
121,6,20,19,6.394736842105263,-1,1,No Junction,7.7
121,14,20,18,6.0,-1,1,No Junction,7.7
0,9,7,18,7.25,-1,1,No Junction,7.18
88,51,7,18,7.0,-1,1,No Junction,7.62
23,48,7,18,7.833333333333333,-1,1,No Junction,7.54
633,49,7,18,6.416666666666667,-1,1,No Junction,6.56
59,45,22,18,6.055555555555555,-1,1,"BTP226 - 33rd Cross, 11th Main, Jayanagar",7.75
68,5,23,18,8.222222222222221,-1,1,No Junction,7.28
121,9,19,18,7.25,-1,1,No Junction,7.7
151,6,4,18,5.333333333333333,-1,1,No Junction,6.69
754,15,6,17,7.705882352941177,-1,1,No Junction,3.51
20,52,4,17,5.470588235294118,-1,1,No Junction,7.2
343,49,9,17,9.794117647058824,-1,1,"BTP148 - 17th Main, Doopanahalli Bus Stop",7.77
72,45,8,17,7.5,-1,1,No Junction,7.35
323,52,9,17,7.5,-1,1,No Junction,6.92
121,7,6,17,5.470588235294118,-1,1,No Junction,7.7
23,13,4,17,6.0588235294117645,-1,1,No Junction,7.54
6,50,7,17,5.647058823529412,-1,1,No Junction,8.06
88,7,18,17,7.5,-1,1,No Junction,7.62
121,5,20,17,5.294117647058823,-1,1,No Junction,7.7
752,15,6,17,8.588235294117647,-1,1,No Junction,3.53
36,46,6,17,5.647058823529412,-1,1,BTP104 - Medical College Circle,7.57
440,8,17,16,6.28125,-1,1,BTP203 - RRMR Junction,7.48
72,6,20,16,6.9375,-1,1,No Junction,7.35
91,48,7,16,6.375,-1,1,No Junction,6.91
151,12,20,16,7.5,-1,1,No Junction,6.69
291,6,7,16,8.0625,-1,1,No Junction,6.93
64,6,20,16,5.625,-1,1,BTP048 - Shanthala Junction,8.36
30,49,20,16,6.9375,-1,1,"BTP016 - 5th Main Road, RPC Layout",6.74
753,15,6,16,7.375,-1,1,No Junction,3.35
64,4,2,16,6.625,-1,1,BTP048 - Shanthala Junction,8.36
364,1,1,16,6.625,-1,1,No Junction,7.49
244,47,3,16,7.6875,-1,1,"BTP202 - East End Main Road, Jayanagar",8.38
88,6,20,16,7.5,-1,1,No Junction,7.62
364,51,7,15,10.4,-1,1,No Junction,7.49
337,47,20,15,6.3,-1,1,No Junction,7.16
245,14,3,15,5.8,-1,1,No Junction,7.37
863,4,21,15,6.733333333333333,-1,1,BTP092 - Bangalore Builders Junction,4.33
72,9,20,15,6.9,-1,1,No Junction,7.35
59,52,2,15,7.6,-1,1,"BTP226 - 33rd Cross, 11th Main, Jayanagar",7.75
6,10,7,15,6.9,-1,1,No Junction,8.06
16,1,22,15,5.8,-1,1,No Junction,7.12
229,4,7,14,7.5,-1,1,No Junction,7.67
364,3,1,14,6.428571428571429,-1,1,No Junction,7.49
121,11,18,14,8.035714285714286,-1,1,No Junction,7.7
23,9,20,14,7.178571428571429,-1,1,No Junction,7.54
23,3,7,14,5.571428571428571,-1,1,No Junction,7.54
199,8,20,14,5.678571428571429,-1,1,No Junction,6.64
229,2,8,14,6.857142857142857,-1,1,No Junction,7.67
88,12,20,14,7.071428571428571,-1,1,No Junction,7.62
229,3,8,14,7.5,-1,1,No Junction,7.67
20,10,8,14,6.535714285714286,-1,1,No Junction,7.2
229,3,7,14,7.5,-1,1,No Junction,7.67
86,4,8,14,7.071428571428571,-1,1,No Junction,7.47
10,3,20,14,9.535714285714286,-1,1,No Junction,6.81
743,10,7,14,6.535714285714286,-1,1,No Junction,5.19
726,3,19,14,7.5,-1,1,No Junction,6.6
6,14,7,14,6.857142857142857,-1,1,No Junction,8.06
88,46,8,14,6.428571428571429,-1,1,No Junction,7.62
28,13,5,13,9.384615384615385,-1,1,No Junction,5.67
23,7,20,13,6.115384615384615,-1,1,No Junction,7.54
88,9,19,13,7.961538461538462,-1,1,No Junction,7.62
68,5,0,13,6.846153846153846,-1,1,No Junction,7.28
733,9,7,13,10.5,-1,1,No Junction,5.58
17,4,8,13,7.5,-1,1,No Junction,7.53
91,4,22,13,6.3076923076923075,-1,1,No Junction,6.91
159,50,2,13,5.615384615384615,-1,1,No Junction,6.31
79,48,3,13,10.615384615384615,-1,1,No Junction,6.28
6,10,20,13,6.461538461538462,-1,1,No Junction,8.06
91,1,20,13,9.807692307692308,-1,1,No Junction,6.91
71,6,23,13,5.615384615384615,-1,1,No Junction,6.66
444,5,4,13,7.538461538461538,-1,1,No Junction,5.49
6,52,18,13,5.769230769230769,-1,1,No Junction,8.06
68,9,5,12,10.0,-1,1,No Junction,7.28
91,11,21,12,7.0,-1,1,No Junction,6.91
92,9,20,12,7.5,-1,1,No Junction,7.61
88,51,9,12,7.625,-1,1,No Junction,7.62
295,10,2,12,9.0,-1,1,No Junction,6.58
20,3,2,12,5.75,-1,1,No Junction,7.2
68,7,23,12,10.0,-1,1,No Junction,7.28
121,12,20,12,5.625,-1,1,No Junction,7.7
121,50,19,12,5.625,-1,1,No Junction,7.7
298,45,9,12,7.5,-1,1,No Junction,6.78
194,47,7,12,5.625,-1,1,BTP010 - Rajajinagar Entrance,7.46
558,1,19,12,7.5,-1,1,No Junction,7.34
245,9,19,12,7.5,-1,1,No Junction,7.37
270,46,20,12,7.5,-1,1,"BTP089 - Police Quarters, Sultan Road",7.7
79,1,2,12,10.416666666666666,-1,1,No Junction,6.28
72,45,9,12,7.5,-1,1,No Junction,7.35
84,47,7,12,7.5,-1,1,No Junction,7.04
88,11,5,12,7.5,-1,1,No Junction,7.62
79,9,3,12,8.5,-1,1,No Junction,6.28
364,5,23,11,6.818181818181818,-1,1,No Junction,7.49
86,11,5,11,6.545454545454546,-1,1,No Junction,7.47
337,14,21,11,6.0,-1,1,No Junction,7.16
348,10,8,11,7.5,-1,1,No Junction,7.03
92,50,8,11,7.090909090909091,-1,1,No Junction,7.61
6,9,20,11,6.681818181818182,-1,1,No Junction,8.06
10,48,8,11,6.0,-1,1,No Junction,6.81
614,46,2,11,6.818181818181818,-1,1,"BTP226 - 33rd Cross, 11th Main, Jayanagar",5.38
10,7,20,11,7.5,-1,1,No Junction,6.81
102,3,7,11,7.090909090909091,-1,1,BTP135 - UCO Bank Junction,7.51
574,3,23,11,6.363636363636363,-1,1,No Junction,6.64
68,9,4,11,10.0,-1,1,No Junction,7.28
79,48,23,11,8.818181818181818,-1,1,No Junction,6.28
108,48,7,11,7.5,-1,1,No Junction,5.94
431,52,23,11,6.2727272727272725,-1,1,No Junction,6.81
229,3,19,11,7.5,-1,1,No Junction,7.67
23,3,9,10,7.05,-1,1,No Junction,7.54
667,8,2,10,9.1,-1,1,No Junction,6.22
79,48,0,10,8.0,-1,1,No Junction,6.28
244,14,20,10,10.5,-1,1,"BTP202 - East End Main Road, Jayanagar",8.38
351,49,21,10,7.7,-1,1,No Junction,4.86
28,14,21,10,6.3,-1,1,No Junction,5.67
92,50,7,10,7.5,-1,1,No Junction,7.61
47,6,6,10,7.0,-1,1,No Junction,5.59
92,2,20,10,7.35,-1,1,No Junction,7.61
10,10,7,10,6.75,-1,1,No Junction,6.81
115,52,23,10,7.2,-1,1,No Junction,7.06
115,46,20,10,12.0,-1,1,No Junction,7.06
222,6,20,10,7.5,-1,1,No Junction,7.06
574,45,21,10,7.2,-1,1,No Junction,6.64
92,5,7,10,7.5,-1,1,No Junction,7.61
27,12,20,10,6.6,-1,1,No Junction,6.72
59,14,20,10,12.15,-1,1,"BTP226 - 33rd Cross, 11th Main, Jayanagar",7.75
91,13,7,10,6.3,-1,1,No Junction,6.91
72,4,9,10,8.85,-1,1,No Junction,7.35
88,10,20,10,7.5,-1,1,No Junction,7.62
697,12,6,10,7.0,-1,1,BTP135 - UCO Bank Junction,7.37
68,7,0,10,10.0,-1,1,No Junction,7.28
68,8,4,10,10.0,-1,1,No Junction,7.28
121,3,20,10,6.15,-1,1,No Junction,7.7
89,12,19,10,6.6,-1,1,BTP096 - Gali Anjaneya Temple,8.39
226,46,7,10,7.5,-1,1,BTP126 - Dairy Circle,7.14
6,14,17,9,7.5,-1,1,No Junction,8.06
119,51,0,9,7.0,-1,1,No Junction,6.95
444,9,2,9,10.666666666666666,-1,1,No Junction,5.49
68,1,2,9,7.333333333333333,-1,1,No Junction,7.28
443,1,2,9,11.666666666666666,-1,1,No Junction,5.27
64,5,20,9,8.166666666666666,-1,1,BTP048 - Shanthala Junction,8.36
120,9,2,9,7.0,-1,1,No Junction,4.09
558,1,20,9,7.5,-1,1,No Junction,7.34
547,10,23,9,6.555555555555555,-1,1,No Junction,6.04
7,10,7,9,7.5,-1,1,No Junction,6.79
68,7,21,9,10.0,-1,1,No Junction,7.28
496,50,20,9,7.833333333333333,-1,1,No Junction,6.64
574,3,21,9,6.555555555555555,-1,1,No Junction,6.64
59,14,22,9,6.888888888888889,-1,1,"BTP226 - 33rd Cross, 11th Main, Jayanagar",7.75
14,3,8,9,10.5,-1,1,No Junction,6.24
83,14,19,9,10.5,-1,1,No Junction,6.34
574,45,22,9,6.666666666666667,-1,1,No Junction,6.64
72,13,20,9,7.5,-1,1,No Junction,7.35
88,11,7,9,7.666666666666667,-1,1,No Junction,7.62
79,1,3,9,9.88888888888889,-1,1,No Junction,6.28
244,1,20,9,12.5,-1,1,"BTP202 - East End Main Road, Jayanagar",8.38
244,1,21,9,7.555555555555555,-1,1,"BTP202 - East End Main Road, Jayanagar",8.38
72,1,22,9,10.444444444444445,-1,1,No Junction,7.35
20,15,8,9,11.833333333333334,-1,1,No Junction,7.2
72,45,7,9,7.0,-1,1,No Junction,7.35
307,5,20,9,7.5,-1,1,BTP136 - Hosur-Tavarkere Road Junction,7.77
23,49,7,9,6.5,-1,1,No Junction,7.54
23,48,20,9,7.333333333333333,-1,1,No Junction,7.54
337,50,20,9,9.0,-1,1,No Junction,7.16
0,2,9,9,7.5,-1,1,No Junction,7.18
16,3,7,8,6.9375,-1,1,No Junction,7.12
121,2,18,8,6.5625,-1,1,No Junction,7.7
88,2,20,8,7.3125,-1,1,No Junction,7.62
10,10,20,8,7.6875,-1,1,No Junction,6.81
10,3,19,8,9.0,-1,1,No Junction,6.81
229,49,8,8,6.9375,-1,1,No Junction,7.67
88,3,20,8,6.9375,-1,1,No Junction,7.62
72,11,20,8,6.9375,-1,1,No Junction,7.35
121,1,23,8,6.875,-1,1,No Junction,7.7
115,52,4,8,10.25,-1,1,No Junction,7.06
58,14,5,8,7.0,-1,1,No Junction,5.93
327,6,6,8,8.25,-1,1,No Junction,6.73
7,11,7,8,6.75,-1,1,No Junction,6.79
88,4,19,8,8.8125,-1,1,No Junction,7.62
68,5,20,8,14.4375,-1,1,No Junction,7.28
68,1,7,8,12.375,-1,1,No Junction,7.28
36,46,7,8,8.25,-1,1,BTP104 - Medical College Circle,7.57
64,1,8,8,7.5,-1,1,BTP048 - Shanthala Junction,8.36
72,5,20,8,6.75,-1,1,No Junction,7.35
72,11,8,8,7.5,-1,1,No Junction,7.35
71,10,8,8,7.5,-1,1,No Junction,6.66
445,1,2,8,10.0,-1,1,No Junction,5.84
687,8,21,8,12.0,-1,1,"BTP127 - Sagar Hospital, Jayanagar",6.92
92,52,19,8,6.75,-1,1,No Junction,7.61
72,7,20,8,6.9375,-1,1,No Junction,7.35
445,9,3,8,10.875,-1,1,No Junction,5.84
556,9,2,8,12.0,-1,1,No Junction,3.04
258,52,7,7,13.5,-1,1,No Junction,6.7
115,11,0,7,6.571428571428571,-1,1,No Junction,7.06
88,46,19,7,7.928571428571429,-1,1,No Junction,7.62
21,11,7,7,6.857142857142857,-1,1,No Junction,7.25
245,2,4,7,6.571428571428571,-1,1,No Junction,7.37
547,8,2,7,10.0,-1,1,No Junction,6.04
548,52,7,7,7.5,-1,1,No Junction,5.4
726,3,18,7,7.5,-1,1,No Junction,6.6
402,9,2,7,6.571428571428571,-1,1,No Junction,6.4
270,45,19,7,7.5,-1,1,"BTP089 - Police Quarters, Sultan Road",7.7
181,47,19,7,7.5,-1,1,BTP167 - JC Road Junction,6.78
373,49,7,7,8.142857142857142,-1,1,"BTP148 - 17th Main, Doopanahalli Bus Stop",8.43
86,10,7,7,9.642857142857142,-1,1,No Junction,7.47
307,1,20,7,6.857142857142857,-1,1,BTP136 - Hosur-Tavarkere Road Junction,7.77
88,52,20,7,7.5,-1,1,No Junction,7.62
68,14,7,7,7.5,-1,1,No Junction,7.28
701,51,7,7,10.5,-1,1,No Junction,6.07
16,2,2,7,7.0,-1,1,No Junction,7.12
88,14,20,7,8.571428571428571,-1,1,No Junction,7.62
786,11,4,7,14.0,-1,1,No Junction,4.2
480,5,19,7,7.5,-1,1,No Junction,6.7
88,9,7,7,7.071428571428571,-1,1,No Junction,7.62
455,8,20,7,8.785714285714286,-1,1,No Junction,6.43
442,5,3,7,9.142857142857142,-1,1,No Junction,4.42
442,5,2,7,8.857142857142858,-1,1,No Junction,4.42
115,13,22,7,9.571428571428571,-1,1,No Junction,7.06
175,5,8,6,7.25,-1,1,No Junction,7.19
229,3,20,6,7.5,-1,1,No Junction,7.67
298,45,8,6,7.5,-1,1,No Junction,6.78
823,3,20,6,7.5,-1,1,No Junction,5.42
316,11,9,6,7.5,-1,1,No Junction,5.19
222,51,19,6,7.5,-1,1,No Junction,7.06
323,5,8,6,7.5,-1,1,No Junction,6.92
73,1,8,6,6.75,-1,1,No Junction,7.75
68,52,22,6,8.5,-1,1,No Junction,7.28
88,12,7,6,7.25,-1,1,No Junction,7.62
348,50,19,6,7.5,-1,1,No Junction,7.03
175,5,10,6,6.75,-1,1,No Junction,7.19
211,12,8,6,7.5,-1,1,No Junction,5.24
88,11,2,6,8.166666666666666,-1,1,No Junction,7.62
175,8,10,6,8.0,-1,1,No Junction,7.19
23,46,7,6,7.5,-1,1,No Junction,7.54
229,10,19,6,7.5,-1,1,No Junction,7.67
786,46,2,6,7.166666666666667,-1,1,No Junction,4.2
23,5,8,6,7.25,-1,1,No Junction,7.54
20,11,8,6,6.75,-1,1,No Junction,7.2
245,46,6,6,7.166666666666667,-1,1,No Junction,7.37
757,10,22,6,7.0,-1,1,No Junction,4.87
71,9,7,6,7.5,-1,1,No Junction,6.66
364,1,2,6,6.666666666666667,-1,1,No Junction,7.49
88,14,19,6,7.5,-1,1,No Junction,7.62
88,46,20,6,6.75,-1,1,No Junction,7.62
194,1,5,6,6.666666666666667,-1,1,BTP010 - Rajajinagar Entrance,7.46
443,5,4,6,9.833333333333334,-1,1,No Junction,5.27
92,8,8,6,7.5,-1,1,No Junction,7.61
364,1,7,6,8.0,-1,1,No Junction,7.49
35,45,8,6,7.0,-1,1,BTP211 - Central Street Junction,7.52
364,3,8,6,7.25,-1,1,No Junction,7.49
513,2,2,6,7.0,-1,1,No Junction,5.43
115,11,4,6,12.0,-1,1,No Junction,7.06
92,49,9,6,6.75,-1,1,No Junction,7.61
115,11,5,6,13.166666666666666,-1,1,No Junction,7.06
653,10,7,6,7.5,-1,1,No Junction,6.59
121,47,20,6,6.75,-1,1,No Junction,7.7
84,46,7,6,7.5,-1,1,No Junction,7.04
529,2,4,6,9.666666666666666,-1,1,"BTP127 - Sagar Hospital, Jayanagar",4.16
556,5,4,5,10.0,-1,1,No Junction,3.04
373,49,11,5,7.0,-1,1,"BTP148 - 17th Main, Doopanahalli Bus Stop",8.43
59,14,3,5,7.0,-1,1,"BTP226 - 33rd Cross, 11th Main, Jayanagar",7.75
381,5,7,5,8.1,-1,1,No Junction,6.46
23,46,8,5,7.5,-1,1,No Junction,7.54
142,7,8,5,7.5,-1,1,BTP140 - Madiwala Check Post,8.28
6,11,17,5,7.5,-1,1,No Junction,8.06
51,4,8,5,7.5,-1,1,BTP126 - Dairy Circle,7.1
245,10,20,5,7.5,-1,1,No Junction,7.37
121,12,21,5,6.8,-1,1,No Junction,7.7
285,14,8,5,7.5,-1,1,No Junction,5.71
142,3,20,5,7.5,-1,1,BTP140 - Madiwala Check Post,8.28
636,14,3,5,7.0,-1,1,No Junction,5.3
64,1,7,5,7.2,-1,1,BTP048 - Shanthala Junction,8.36
115,11,1,5,7.0,-1,1,No Junction,7.06
115,11,20,5,18.9,-1,1,No Junction,7.06
229,49,20,5,7.5,-1,1,No Junction,7.67
229,49,19,5,7.5,-1,1,No Junction,7.67
115,12,21,5,7.0,-1,1,No Junction,7.06
455,4,20,5,7.5,-1,1,No Junction,6.43
72,4,8,5,9.0,-1,1,No Junction,7.35
88,9,20,5,7.5,-1,1,No Junction,7.62
222,2,19,5,7.5,-1,1,No Junction,7.06
20,13,7,5,8.1,-1,1,No Junction,7.2
222,8,8,5,10.5,-1,1,No Junction,7.06
614,14,22,5,7.0,-1,1,"BTP226 - 33rd Cross, 11th Main, Jayanagar",5.38
88,3,19,5,9.3,-1,1,No Junction,7.62
175,1,7,5,7.5,-1,1,No Junction,7.19
142,51,7,5,7.5,-1,1,BTP140 - Madiwala Check Post,8.28
27,9,19,5,7.5,-1,1,No Junction,6.72
343,6,20,5,7.5,-1,1,"BTP148 - 17th Main, Doopanahalli Bus Stop",7.77
337,46,9,5,8.7,-1,1,No Junction,7.16
348,10,7,5,7.5,-1,1,No Junction,7.03
92,8,9,5,7.5,-1,1,No Junction,7.61
667,12,7,5,8.1,-1,1,No Junction,6.22
323,52,20,5,7.5,-1,1,No Junction,6.92
72,10,20,5,8.7,-1,1,No Junction,7.35
364,1,6,5,7.0,-1,1,No Junction,7.49
659,46,2,5,7.0,-1,1,"BTP226 - 33rd Cross, 11th Main, Jayanagar",4.35
27,9,20,5,7.5,-1,1,No Junction,6.72
287,12,5,5,7.0,-1,1,BTP135 - UCO Bank Junction,7.5
290,5,2,5,9.8,-1,1,No Junction,5.49
162,5,8,5,10.5,-1,1,No Junction,6.89
142,7,20,5,7.5,-1,1,BTP140 - Madiwala Check Post,8.28
139,51,7,5,7.5,-1,1,No Junction,5.52
641,7,1,5,7.0,-1,1,No Junction,5.01
162,51,20,5,9.3,-1,1,No Junction,6.89
343,49,5,4,7.25,-1,1,"BTP148 - 17th Main, Doopanahalli Bus Stop",7.77
471,12,20,4,10.5,-1,1,No Junction,6.01
443,9,2,4,10.25,-1,1,No Junction,5.27
820,45,20,4,7.5,-1,1,No Junction,4.12
445,48,3,4,10.5,-1,1,No Junction,5.84
445,48,0,4,8.25,-1,1,No Junction,5.84
662,47,7,4,7.5,-1,1,No Junction,4.92
443,1,3,4,8.0,-1,1,No Junction,5.27
445,5,20,4,8.625,-1,1,No Junction,5.84
20,10,7,4,10.5,-1,1,No Junction,7.2
16,2,8,4,10.5,-1,1,No Junction,7.12
431,48,8,4,9.75,-1,1,No Junction,6.81
10,7,19,4,12.0,-1,1,No Junction,6.81
244,46,8,4,10.5,-1,1,"BTP202 - East End Main Road, Jayanagar",8.38
17,4,19,4,7.5,-1,1,No Junction,7.53
6,49,9,4,7.5,-1,1,No Junction,8.06
323,2,9,4,7.5,-1,1,No Junction,6.92
394,49,2,4,8.0,-1,1,No Junction,6.07
697,12,7,4,10.5,-1,1,BTP135 - UCO Bank Junction,7.37
381,52,6,4,7.25,-1,1,No Junction,6.46
14,2,8,4,7.5,-1,1,No Junction,6.24
307,50,20,4,7.5,-1,1,BTP136 - Hosur-Tavarkere Road Junction,7.77
653,3,20,4,7.5,-1,1,No Junction,6.59
722,48,7,4,7.5,-1,1,No Junction,4.69
16,13,9,4,7.5,-1,1,No Junction,7.12
80,9,9,4,7.5,-1,1,"BTP024 - NPS, Vijayanagar",6.67
75,6,7,4,10.5,-1,1,"BTP070 - Cholurpalya Junction, Magadi Road",7.02
72,11,9,4,7.5,-1,1,No Junction,7.35
142,52,7,4,7.5,-1,1,BTP140 - Madiwala Check Post,8.28
108,49,9,4,7.5,-1,1,No Junction,5.94
162,10,19,4,9.75,-1,1,No Junction,6.89
92,8,7,4,7.5,-1,1,No Junction,7.61
115,46,3,4,9.0,-1,1,No Junction,7.06
179,50,19,4,11.625,-1,1,No Junction,6.78
89,13,19,4,7.5,-1,1,BTP096 - Gali Anjaneya Temple,8.39
146,49,8,4,7.5,-1,1,No Junction,6.65
198,2,20,4,7.5,-1,1,No Junction,6.35
146,8,7,4,10.125,-1,1,No Junction,6.65
108,48,8,4,7.5,-1,1,No Junction,5.94
88,47,8,4,8.25,-1,1,No Junction,7.62
32,10,19,4,10.875,-1,1,No Junction,5.61
88,14,8,4,7.875,-1,1,No Junction,7.62
88,13,7,4,7.5,-1,1,No Junction,7.62
128,48,7,4,7.5,-1,1,No Junction,6.27
431,14,7,3,8.5,-1,1,No Junction,6.81
516,10,8,3,8.5,-1,1,No Junction,4.36
159,7,22,3,7.666666666666667,-1,1,No Junction,6.31
480,12,19,3,8.0,-1,1,No Junction,6.7
159,48,3,3,9.666666666666666,-1,1,No Junction,6.31
494,8,8,3,7.5,-1,1,No Junction,5.9
496,1,20,3,7.5,-1,1,No Junction,6.64
115,9,2,3,10.666666666666666,-1,1,No Junction,7.06
307,46,20,3,7.5,-1,1,BTP136 - Hosur-Tavarkere Road Junction,7.77
530,13,7,3,7.5,-1,1,No Junction,4.81
529,2,5,3,13.0,-1,1,"BTP127 - Sagar Hospital, Jayanagar",4.16
327,6,5,3,10.0,-1,1,No Junction,6.73
111,50,7,3,7.5,-1,1,No Junction,6.8
111,11,20,3,7.5,-1,1,No Junction,6.8
162,51,8,3,9.5,-1,1,No Junction,6.89
16,46,9,3,8.5,-1,1,No Junction,7.12
124,3,19,3,7.5,-1,1,No Junction,7.28
169,49,20,3,7.5,-1,1,No Junction,5.33
327,5,7,3,12.5,-1,1,No Junction,6.73
153,52,22,3,9.0,-1,1,No Junction,5.95
47,8,7,3,7.5,-1,1,No Junction,5.59
337,50,19,3,10.5,-1,1,No Junction,7.16
64,4,8,3,8.0,-1,1,BTP048 - Shanthala Junction,8.36
142,7,7,3,7.5,-1,1,BTP140 - Madiwala Check Post,8.28
142,12,20,3,7.5,-1,1,BTP140 - Madiwala Check Post,8.28
121,3,19,3,7.5,-1,1,No Junction,7.7
348,8,8,3,7.5,-1,1,No Junction,7.03
115,52,5,3,9.333333333333334,-1,1,No Junction,7.06
343,11,7,3,9.5,-1,1,"BTP148 - 17th Main, Doopanahalli Bus Stop",7.77
337,46,19,3,7.5,-1,1,No Junction,7.16
15,6,7,3,7.5,-1,1,No Junction,7.18
431,1,7,3,12.0,-1,1,No Junction,6.81
23,48,9,3,7.5,-1,1,No Junction,7.54
115,48,2,3,8.333333333333334,-1,1,No Junction,7.06
76,6,20,3,7.5,-1,1,No Junction,6.75
88,7,20,3,7.5,-1,1,No Junction,7.62
115,13,21,3,8.333333333333334,-1,1,No Junction,7.06
327,13,6,3,9.0,-1,1,No Junction,6.73
444,5,20,3,7.5,-1,1,No Junction,5.49
111,3,7,3,7.5,-1,1,No Junction,6.8
574,6,7,3,10.5,-1,1,No Junction,6.64
245,51,19,3,7.5,-1,1,No Junction,7.37
179,2,20,3,7.5,-1,1,No Junction,6.78
16,50,20,3,10.0,-1,1,No Junction,7.12
245,5,20,3,8.5,-1,1,No Junction,7.37
191,10,10,3,9.0,-1,1,BTP137 - Madiwala Traffic PS Junction,7.98
701,3,7,3,7.5,-1,1,No Junction,6.07
701,48,7,3,7.5,-1,1,No Junction,6.07
701,48,8,3,7.5,-1,1,No Junction,6.07
704,9,7,3,7.5,-1,1,No Junction,5.65
193,12,20,3,7.5,-1,1,BTP041 - Gopal Gowda Circle,7.68
704,14,8,3,7.5,-1,1,No Junction,5.65
726,3,9,3,7.5,-1,1,No Junction,6.6
88,11,3,3,8.0,-1,1,No Junction,7.62
231,5,7,3,7.5,-1,1,No Junction,5.21
230,52,7,3,8.0,-1,1,BTP054 - Shivananda Circle,6.04
747,10,3,3,8.0,-1,1,No Junction,4.32
198,47,20,3,7.5,-1,1,No Junction,6.35
4,8,9,3,7.5,-1,1,BTP027 - Modi Bridge Junction,6.39
222,1,19,3,7.5,-1,1,No Junction,7.06
222,12,19,3,7.5,-1,1,No Junction,7.06
786,51,1,3,10.0,-1,1,No Junction,4.2
88,12,8,3,9.5,-1,1,No Junction,7.62
16,49,7,3,8.0,-1,1,No Junction,7.12
668,1,23,3,8.0,-1,1,No Junction,5.48
653,2,8,3,7.5,-1,1,No Junction,6.59
574,47,7,3,9.5,-1,1,No Junction,6.64
256,9,19,3,7.5,-1,1,"BTP094 - Sri Skanda Complex, Mysore Road",7.15
258,52,6,3,8.0,-1,1,No Junction,6.7
94,7,7,3,8.5,-1,1,No Junction,6.52
258,51,5,3,8.0,-1,1,No Junction,6.7
653,2,7,3,7.5,-1,1,No Junction,6.59
101,48,20,3,7.5,-1,1,"BTP062 - Basava Mantapa, Dr. Rajkumar Road",7.08
23,9,8,3,7.5,-1,1,No Junction,7.54
572,11,9,2,12.75,-1,1,No Junction,5.24
79,5,4,2,8.0,-1,1,No Junction,6.28
641,7,9,2,10.5,-1,1,No Junction,5.01
119,4,1,2,8.5,-1,1,No Junction,6.95
537,6,7,2,9.0,-1,1,No Junction,5.32
6,50,8,2,9.0,-1,1,No Junction,8.06
121,51,9,2,9.0,-1,1,No Junction,7.7
88,12,9,2,9.0,-1,1,No Junction,7.62
94,49,8,2,9.0,-1,1,No Junction,6.52
422,2,5,2,8.5,-1,1,No Junction,4.43
94,50,7,2,9.0,-1,1,No Junction,6.52
40,7,19,2,10.5,-1,1,No Junction,6.48
10,2,7,2,9.0,-1,1,No Junction,6.81
772,49,9,2,10.5,-1,1,No Junction,5.7
786,46,23,2,8.0,-1,1,No Junction,4.2
558,52,19,2,9.75,-1,1,No Junction,7.34
574,51,8,2,10.5,-1,1,No Junction,6.64
79,48,4,2,12.5,-1,1,No Junction,6.28
115,52,2,2,10.0,-1,1,No Junction,7.06
115,51,5,2,10.0,-1,1,No Junction,7.06
115,11,2,2,11.0,-1,1,No Junction,7.06
667,1,7,2,12.75,-1,1,No Junction,6.22
471,12,21,2,8.5,-1,1,No Junction,6.01
94,3,23,2,8.0,-1,1,No Junction,6.52
463,51,20,2,10.5,-1,1,No Junction,4.52
496,47,6,2,9.5,-1,1,No Junction,6.64
115,10,1,2,11.0,-1,1,No Junction,7.06
115,13,2,2,10.0,-1,1,No Junction,7.06
455,8,7,2,9.0,-1,1,No Junction,6.43
115,13,5,2,13.5,-1,1,No Junction,7.06
102,15,8,2,10.5,-1,1,BTP135 - UCO Bank Junction,7.51
671,6,3,2,9.0,-1,1,No Junction,5.01
501,3,8,2,8.25,-1,1,No Junction,6.1
445,1,3,2,10.0,-1,1,No Junction,5.84
115,46,7,2,15.0,-1,1,No Junction,7.06
88,10,18,2,11.25,-1,1,No Junction,7.62
112,13,10,2,10.5,-1,1,BTP108 - Tagore Park Junction,7.27
443,48,0,2,8.5,-1,1,No Junction,5.27
94,47,7,2,9.0,-1,1,No Junction,6.52
40,7,20,2,10.5,-1,1,No Junction,6.48
227,9,7,2,9.75,-1,1,BTP068 - Veeresh Theatre Junction,6.12
290,50,3,2,9.5,-1,1,No Junction,5.49
153,52,19,2,10.5,-1,1,No Junction,5.95
16,2,7,2,9.0,-1,1,No Junction,7.12
146,51,4,2,8.5,-1,1,No Junction,6.65
198,49,18,2,9.0,-1,1,No Junction,6.35
139,46,20,2,9.0,-1,1,No Junction,5.52
364,1,8,2,10.5,-1,1,No Junction,7.49
14,3,9,2,12.0,-1,1,No Junction,6.24
258,52,1,2,9.5,-1,1,No Junction,6.7
270,13,6,2,8.0,-1,1,"BTP089 - Police Quarters, Sultan Road",7.7
162,11,7,2,10.5,-1,1,No Junction,6.89
200,4,7,2,10.5,-1,1,No Junction,5.52
162,3,18,2,9.0,-1,1,No Junction,6.89
222,52,7,2,8.25,-1,1,No Junction,7.06
290,5,3,2,11.5,-1,1,No Junction,5.49
187,10,21,2,10.0,-1,1,No Junction,5.65
125,49,7,2,10.5,-1,1,No Junction,5.12
165,50,7,2,8.25,-1,1,No Junction,5.84
36,2,20,2,12.0,-1,1,BTP104 - Medical College Circle,7.57
16,49,20,1,10.5,-1,1,No Junction,7.12
179,1,3,1,11.0,-1,1,No Junction,6.78
23,8,9,1,10.5,-1,1,No Junction,7.54
641,48,7,1,10.5,-1,1,No Junction,5.01
257,8,6,1,12.0,-1,1,No Junction,3.92
645,10,4,1,17.0,-1,1,"BTP001 - 10th Cross, Dr. Rajkumar Road",3.97
258,50,6,1,8.0,-1,1,No Junction,6.7
88,10,8,1,10.5,-1,1,No Junction,7.62
245,52,8,1,13.5,-1,1,No Junction,7.37
258,49,20,1,13.5,-1,1,No Junction,6.7
265,15,7,1,10.5,-1,1,No Junction,5.49
258,1,21,1,8.0,-1,1,No Junction,6.7
258,8,5,1,8.0,-1,1,No Junction,6.7
100,10,5,1,9.0,-1,1,No Junction,5.45
634,8,7,1,10.5,-1,1,No Junction,4.3
574,6,8,1,10.5,-1,1,No Junction,6.64
108,48,18,1,12.0,-1,1,No Junction,5.94
569,2,22,1,9.0,-1,1,No Junction,5.63
569,3,22,1,11.0,-1,1,No Junction,5.63
572,14,7,1,9.0,-1,1,No Junction,5.24
287,12,7,1,10.5,-1,1,BTP135 - UCO Bank Junction,7.5
174,13,7,1,10.5,-1,1,No Junction,3.97
283,3,8,1,10.5,-1,1,BTP130 - GD Mara Junction,6.35
102,12,20,1,10.5,-1,1,BTP135 - UCO Bank Junction,7.51
100,8,6,1,13.0,-1,1,No Junction,5.45
175,7,11,1,8.0,-1,1,No Junction,7.19
270,12,7,1,15.0,-1,1,"BTP089 - Police Quarters, Sultan Road",7.7
585,3,7,1,10.5,-1,1,No Junction,4.97
589,50,23,1,9.0,-1,1,BTP214 - 5th Main Chamrajpet  Junction,6.97
600,51,20,1,10.5,-1,1,No Junction,5.01
86,52,9,1,10.5,-1,1,No Junction,7.47
100,10,1,1,10.0,-1,1,No Junction,5.45
68,48,5,1,8.0,-1,1,No Junction,7.28
40,5,7,1,10.5,-1,1,No Junction,6.48
179,6,1,1,8.0,-1,1,No Junction,6.78
0,48,4,1,8.0,-1,1,No Junction,7.18
199,50,7,1,10.5,-1,1,No Junction,6.64
229,49,3,1,9.0,-1,1,No Junction,7.67
779,6,8,1,10.5,-1,1,No Junction,4.44
779,8,7,1,10.5,-1,1,No Junction,4.44
779,11,8,1,10.5,-1,1,No Junction,4.44
779,12,7,1,10.5,-1,1,No Junction,4.44
229,12,20,1,10.5,-1,1,No Junction,7.67
20,14,20,1,10.5,-1,1,No Junction,7.2
786,52,5,1,9.0,-1,1,No Junction,4.2
0,48,0,1,8.0,-1,1,No Junction,7.18
0,46,7,1,16.5,-1,1,No Junction,7.18
0,14,23,1,8.0,-1,1,No Junction,7.18
817,49,4,1,9.0,-1,1,No Junction,3.5
224,51,20,1,10.5,-1,1,No Junction,5.64
225,49,7,1,10.5,-1,1,"BTP176 - Rajalakshmi Kalyana Mantapa, JP Nagar",6.61
0,9,9,1,10.5,-1,1,No Junction,7.18
0,9,0,1,8.0,-1,1,No Junction,7.18
755,10,7,1,10.5,-1,1,No Junction,3.62
0,52,21,1,8.0,-1,1,No Junction,7.18
671,6,5,1,11.0,-1,1,No Junction,5.01
229,52,0,1,10.0,-1,1,No Junction,7.67
671,52,5,1,10.0,-1,1,No Junction,5.01
69,1,7,1,13.5,-1,1,No Junction,6.26
290,5,22,1,11.0,-1,1,No Junction,5.49
69,1,8,1,13.5,-1,1,No Junction,6.26
191,10,12,1,8.0,-1,1,BTP137 - Madiwala Traffic PS Junction,7.98
191,49,20,1,10.5,-1,1,BTP137 - Madiwala Traffic PS Junction,7.98
244,4,22,1,12.0,-1,1,"BTP202 - East End Main Road, Jayanagar",8.38
69,2,4,1,9.0,-1,1,No Junction,6.26
88,1,23,1,8.0,-1,1,No Junction,7.62
88,4,3,1,8.0,-1,1,No Junction,7.62
6,3,9,1,12.0,-1,1,No Junction,8.06
69,2,23,1,13.0,-1,1,No Junction,6.26
240,13,7,1,10.5,-1,1,No Junction,4.63
69,4,5,1,8.0,-1,1,No Junction,6.26
69,4,7,1,18.0,-1,1,No Junction,6.26
233,46,20,1,10.5,-1,1,No Junction,5.96
233,5,8,1,10.5,-1,1,No Junction,5.96
75,2,20,1,10.5,-1,1,"BTP070 - Cholurpalya Junction, Magadi Road",7.02
16,6,20,1,10.5,-1,1,No Junction,7.12
109,47,1,1,13.0,-1,1,"BTP001 - 10th Cross, Dr. Rajkumar Road",6.2
336,5,20,1,13.5,-1,1,No Junction,3.98
412,13,7,1,10.5,-1,1,No Junction,5.85
7,3,8,1,10.5,-1,1,No Junction,6.79
75,14,19,1,15.0,-1,1,"BTP070 - Cholurpalya Junction, Magadi Road",7.02
351,46,23,1,8.0,-1,1,No Junction,4.86
119,48,7,1,10.5,-1,1,No Junction,6.95
88,7,7,1,10.5,-1,1,No Junction,7.62
146,11,2,1,10.0,-1,1,No Junction,6.65
116,9,20,1,12.0,-1,1,No Junction,4.89
115,51,20,1,15.0,-1,1,No Junction,7.06
151,47,8,1,10.5,-1,1,No Junction,6.69
443,9,3,1,8.0,-1,1,No Junction,5.27
153,52,3,1,9.0,-1,1,No Junction,5.95
443,48,3,1,9.0,-1,1,No Junction,5.27
443,48,4,1,10.0,-1,1,No Junction,5.27
115,48,7,1,10.5,-1,1,No Junction,7.06
153,52,8,1,13.5,-1,1,No Junction,5.95
337,12,18,1,9.0,-1,1,No Junction,7.16
229,2,3,1,9.0,-1,1,No Junction,7.67
59,12,4,1,8.0,-1,1,"BTP226 - 33rd Cross, 11th Main, Jayanagar",7.75
58,49,17,1,10.5,-1,1,No Junction,5.93
381,2,20,1,10.5,-1,1,No Junction,6.46
369,47,20,1,12.0,-1,1,"BTP001 - 10th Cross, Dr. Rajkumar Road",5.3
373,47,7,1,10.5,-1,1,"BTP148 - 17th Main, Doopanahalli Bus Stop",8.43
44,14,20,1,10.5,-1,1,No Junction,5.28
10,51,19,1,10.5,-1,1,No Junction,6.81
125,51,8,1,10.5,-1,1,No Junction,5.12
134,50,7,1,10.5,-1,1,No Junction,6.46
376,3,5,1,11.0,-1,1,No Junction,5.64
49,9,8,1,10.5,-1,1,No Junction,6.51
399,5,7,1,10.5,-1,1,No Junction,4.41
364,3,23,1,8.0,-1,1,No Junction,7.49
381,13,6,1,9.0,-1,1,No Junction,6.46
381,13,7,1,13.5,-1,1,No Junction,6.46
121,12,22,1,8.0,-1,1,No Junction,7.7
394,9,19,1,10.5,-1,1,No Junction,6.07
135,3,9,1,10.5,-1,1,No Junction,5.66
394,49,23,1,9.0,-1,1,No Junction,6.07
337,8,19,1,9.0,-1,1,No Junction,7.16
115,46,2,1,10.0,-1,1,No Junction,7.06
109,47,20,1,25.5,-1,1,"BTP001 - 10th Cross, Dr. Rajkumar Road",6.2
115,13,23,1,11.0,-1,1,No Junction,7.06
316,9,23,1,8.0,-1,1,No Junction,5.19
496,49,8,1,10.5,-1,1,No Junction,6.64
316,9,3,1,8.0,-1,1,No Junction,5.19
314,51,19,1,12.0,-1,1,No Junction,5.69
510,1,0,1,8.0,-1,1,No Junction,5.15
314,51,4,1,9.0,-1,1,No Junction,5.69
115,7,5,1,9.0,-1,1,No Junction,7.06
162,8,21,1,9.0,-1,1,No Junction,6.89
112,10,7,1,10.5,-1,1,BTP108 - Tagore Park Junction,7.27
75,9,10,1,10.5,-1,1,"BTP070 - Cholurpalya Junction, Magadi Road",7.02
529,2,6,1,9.0,-1,1,"BTP127 - Sagar Hospital, Jayanagar",4.16
162,48,18,1,10.5,-1,1,No Junction,6.89
16,3,19,1,10.5,-1,1,No Junction,7.12
537,13,20,1,13.5,-1,1,No Junction,5.32
83,14,8,1,10.5,-1,1,No Junction,6.34
16,6,8,1,10.5,-1,1,No Junction,7.12
109,47,21,1,13.0,-1,1,"BTP001 - 10th Cross, Dr. Rajkumar Road",6.2
320,10,7,1,12.0,-1,1,No Junction,5.42
492,13,7,1,12.0,-1,1,No Junction,4.81
489,12,21,1,12.0,-1,1,No Junction,4.14
327,6,0,1,10.0,-1,1,No Junction,6.73
334,3,8,1,10.5,-1,1,BTP098 - Nayandahalli Junction,6.24
327,10,20,1,9.0,-1,1,No Junction,6.73
327,9,10,1,10.5,-1,1,No Junction,6.73
327,8,23,1,10.0,-1,1,No Junction,6.73
463,2,19,1,13.5,-1,1,No Junction,4.52
463,3,1,1,11.0,-1,1,No Junction,4.52
463,51,0,1,9.0,-1,1,No Junction,4.52
115,12,20,1,10.5,-1,1,No Junction,7.06
484,51,20,1,10.5,-1,1,No Junction,6.17
155,8,20,1,10.5,-1,1,"BTP170 - Dr. Bheem Rao Palace, Chord Road",7.58
474,2,7,1,10.5,-1,1,BTP032 - Windsor Circle,6.11
475,47,7,1,10.5,-1,1,No Junction,6.67
475,47,8,1,10.5,-1,1,No Junction,6.67
323,5,20,1,13.5,-1,1,No Junction,6.92
27,4,10,1,10.5,-1,1,No Junction,6.72
484,14,5,1,10.0,-1,1,No Junction,6.17
0,1,6,1,8.0,-1,1,No Junction,7.18
